path,bytes,sha256,role
".gitignore",844,636379a669a8f92b3650041b7d77f5d4212d206ea792da9c3ea4fbc5424dc681,supporting-file
"EVIDENCE.md",4864,c93541ba5f891b0c95a8862c69efeadc05acf84524f6d25f7d8137ba95590725,guidance-or-prompt
"FULL-ARCHIVE-CHECKSUMS.sha256",115,d3723025b8aaae81226dbc26cdd2a4aac4b1aa7446b6c4b1465ee4b166aa8b93,supporting-file
"FULL-ARCHIVE-RELEASE.json",815,ec0e97c0c422084125738fa3b864bdc2084f2a6ce84fbc1a84686e220875228e,structured-evidence
"NOTES.md",4526,be63090e0e223fcd7a300d84908d178496f7bc527b8384a5e3b5063ac87fa8e2,guidance-or-prompt
"README.md",4132,38676206df60f345501f12fb94fd0207bc20efa57478d8bcb83f8b3606a17e88,guidance-or-prompt
"REMOTE-ARCHIVE.zh-CN.md",5379,6e62cbf00ec896a9c1cd745f7d9179bfbb891b028a07128ae6bb4d822ceaa649,guidance-or-prompt
"RESEARCH-SUMMARY.zh-CN.md",6338,bc38c08b845aab6a077fce81de7e2906fd3e00fb95afc8da93a6d4ae990d6ba7,guidance-or-prompt
"experiments/tide-marks/FOUNDATIONAL-CAPABILITIES.zh-CN.md",4467,a3d00a0dec38e1cb5c486b891b3aa2d1217969dcf5dae8a89a3e661d88ff7cd8,guidance-or-prompt
"experiments/tide-marks/LIBRARY-EXPLORATION-CONCLUSION.zh-CN.md",2403,baab22211d4ecf8d074da8eb9a26cba78c6770ca4ab665a9909fe2fd77b2f6b0,guidance-or-prompt
"experiments/tide-marks/PRODUCTION.md",2849,0e19c532ecc078259e6a75c2bac7ab1b4baa4408bcba8b54755c6158d44fa16d,guidance-or-prompt
"experiments/tide-marks/README.md",3699,2d299ac3255772cc39f761cc450de8e7fc201c07b0c2a14660e43e36c9ca3102,guidance-or-prompt
"experiments/tide-marks/animatic/tide-marks-episode-01-qc.png",1491428,f24f976406f27a24a4cc16334de4e2b96f4c7e7b47fca3ad95ae92f3af619303,visual-evidence
"experiments/tide-marks/animatic/tide-marks-episode-01-silent-animatic.mp4",15930543,1932a15e0d6401ec4fa6b57166b6491f54196be8c1edc6d96f54664595ad7710,media-evidence
"experiments/tide-marks/apply-e02-qc-repair-promotion.mjs",13857,74771f0d473229c3bcc2dc732745e2c331074e92f9fd0d7f709e4719af1956b9,reproduction-script
"experiments/tide-marks/apply-e04-initial-generation-promotion.mjs",10987,1dad7eaf40b44e2c9287be3c158c13c4f754733a03d57e02d055ab3845a5dfdb,reproduction-script
"experiments/tide-marks/apply-e05-01-03-initial-generation-promotion.mjs",8597,87d30c8485604dd5c9dd38afd4ccef42415b2820381dbfd67bea448fdf048cae,reproduction-script
"experiments/tide-marks/apply-e05-04-05-initial-generation-promotion.mjs",8762,627b8e452c144615e79cf79aff87735e6b3ae03b3adf417a252118b73ddbb95d,reproduction-script
"experiments/tide-marks/apply-e05-06-07-initial-generation-promotion.mjs",8987,48a49d8a041bf15c7ca793e189554c8db28132ed93cf18e376a52a74b0cac730,reproduction-script
"experiments/tide-marks/apply-e05-08-initial-generation-promotion.mjs",7062,b97d401b7c1b893fa512a2021b6662f2079aa99953b8990d8fc83123965f7aa8,reproduction-script
"experiments/tide-marks/apply-e05-09-initial-generation-promotion.mjs",6773,7246e22f383569d7f32904e93ef1e8d84f2071781341db02dd96457359f34974,reproduction-script
"experiments/tide-marks/apply-e05-10-initial-generation-promotion.mjs",6924,1858a3829a274720c8744fe9f99deb4bc85b662a309530d40542eaa770e06337,reproduction-script
"experiments/tide-marks/apply-e06-01-initial-generation-promotion.mjs",6634,099f86662f7a1d79438ff9d2518690353cddc302fe55d29f89ab172f6fa5712c,reproduction-script
"experiments/tide-marks/apply-e06-02-initial-generation-promotion.mjs",6527,87dc28c9ba92b7dcc32bc5bf059361d6cda7006ab5e427052c5d990ef05b5f33,reproduction-script
"experiments/tide-marks/apply-e06-03-initial-generation-promotion.mjs",6112,ca1e373b778a150950fbb206ef5e1ee70a5d26a7f1da9d99e50953af01c43b8d,reproduction-script
"experiments/tide-marks/apply-e06-04-initial-generation-promotion.mjs",5979,5c76861e2d2cd87a8d6cdb38a9ac5b65a41c76dcbce0cc9e5f040d4bcc64efde,reproduction-script
"experiments/tide-marks/apply-e06-05-initial-generation-promotion.mjs",6247,af51937a87d1a3489986bf38ff2f2d7304ea465b48e4b9db0d8ed3a7721e4130,reproduction-script
"experiments/tide-marks/apply-e06-06-initial-generation-promotion.mjs",6183,50765dda547a62dfcc2a7e1cd8956ae04e6790234ce1372ee01e7a04f07099d9,reproduction-script
"experiments/tide-marks/apply-e06-07-initial-generation-promotion.mjs",6039,9a89cfc13df684a226b3e6429485c5408aa7912fb8c0cc596e5030ffd2076160,reproduction-script
"experiments/tide-marks/apply-e06-08-initial-generation-promotion.mjs",5924,a2e5118ed7f72623e6d3715b58e49b82776d615b8ac9882ddba20be07b27bf3e,reproduction-script
"experiments/tide-marks/apply-e06-09-initial-generation-promotion.mjs",5741,ae82ba7ab7f69b4b332972533b6ced6abae5baae9b889acaaf671f1c85004465,reproduction-script
"experiments/tide-marks/apply-e06-10-initial-generation-promotion.mjs",5708,31f8f908668744c706ccd5319c3ac214820c7fdff181a407304c227861a5c20e,reproduction-script
"experiments/tide-marks/apply-story-logic-repairs.mjs",13657,9e11e161a0869e02ca5daf26e25f4da14e09fef2a1a0e06adcace123b4ef9ba3,reproduction-script
"experiments/tide-marks/archive/2026-08-24-capability-exploration-failure-review/README.zh-CN.md",1465,6c1764fbf1d2e8b67bba6c2e6d0e3d8d7fadf9ab539dd277c8e205f373a1696a,guidance-or-prompt
"experiments/tide-marks/archive/2026-08-24-capability-exploration-failure-review/index.html",1982,ba465cd54adca25104ad5532f0c70f7c47c8c04bcb1cf41b4a067b4cc4d8e434,research-page
"experiments/tide-marks/archive/2026-08-24-capability-exploration-failure-review/manifest.json",8976,2841e13cf66c20bc99e2db0d68a9af598679296c6dc961cbe1c128f402008a98,structured-evidence
"experiments/tide-marks/archive/2026-08-24-capability-exploration-failure-review/snapshot/FOUNDATIONAL-CAPABILITIES.zh-CN.md",4467,a3d00a0dec38e1cb5c486b891b3aa2d1217969dcf5dae8a89a3e661d88ff7cd8,guidance-or-prompt
"experiments/tide-marks/archive/2026-08-24-capability-exploration-failure-review/snapshot/LIBRARY-EXPLORATION-CONCLUSION.zh-CN.md",2403,baab22211d4ecf8d074da8eb9a26cba78c6770ca4ab665a9909fe2fd77b2f6b0,guidance-or-prompt
"experiments/tide-marks/archive/2026-08-24-capability-exploration-failure-review/snapshot/PRODUCTION.md",2849,0e19c532ecc078259e6a75c2bac7ab1b4baa4408bcba8b54755c6158d44fa16d,guidance-or-prompt
"experiments/tide-marks/archive/2026-08-24-capability-exploration-failure-review/snapshot/art/潮痕-art.json",45286,380c9901e633c5a35373b57275a3a575fd459937fa2fd1869fdd967e207a2b87,structured-evidence
"experiments/tide-marks/archive/2026-08-24-capability-exploration-failure-review/snapshot/characters/潮痕-cast.json",36279,15a5b7d773e69edd6f2ef299ce05df47c825ea249ddc19ce85feb5cacb836822,structured-evidence
"experiments/tide-marks/archive/2026-08-24-capability-exploration-failure-review/snapshot/continuity-audit-policy.json",5600,dd9a346d3e977faed9da43b5ee49f4663d373f29b9a80d61ba24e91063dd6721,structured-evidence
"experiments/tide-marks/archive/2026-08-24-capability-exploration-failure-review/snapshot/frame-qc-overrides.json",59740,4d6d5640d6552ccb856a2c78e6d4aa2eb47e5346fe91679e0a12adfb3c443c45,structured-evidence
"experiments/tide-marks/archive/2026-08-24-capability-exploration-failure-review/snapshot/offline-production/CAPABILITY-EVALUATION.zh-CN.md",6973,1c7e6f6b823bb1c95665e9b2919ca4a1728c802b6602c6f00348e274339b20c0,guidance-or-prompt
"experiments/tide-marks/archive/2026-08-24-capability-exploration-failure-review/snapshot/offline-production/CONTINUITY-AUDIT.zh-CN.md",11912,e9daaeafdfaaebb778543e509e22d39f8fb12fc60141a109281b4ee100024039,guidance-or-prompt
"experiments/tide-marks/archive/2026-08-24-capability-exploration-failure-review/snapshot/offline-production/STORY-LOGIC-AUDIT.zh-CN.md",5870,968894947f7561e7b30c9f95fe8e26fa9d3c706e8038f7b048658d6fc1c317b0,guidance-or-prompt
"experiments/tide-marks/archive/2026-08-24-capability-exploration-failure-review/snapshot/offline-production/capability-evaluation.html",12770,3a237d977b8b1d7bc99f91a994342308a6b768faa7dac934533acb882c4c70a2,research-page
"experiments/tide-marks/archive/2026-08-24-capability-exploration-failure-review/snapshot/offline-production/continuity-audit.html",70289,658eb525df33741d861496f4320210c2f9273481aaf0a92c44bf8667832ce885,research-page
"experiments/tide-marks/archive/2026-08-24-capability-exploration-failure-review/snapshot/offline-production/continuity-boundary-audit.csv",33031,a2435ddbe74ea9e699cacae957fb381d51faa56f37361340a51ac8c61c927f94,structured-evidence
"experiments/tide-marks/archive/2026-08-24-capability-exploration-failure-review/snapshot/offline-production/continuity-boundary-audit.json",62684,ee932b17a7acbfa0de44dc162ee7b4afb25e15f2f1a00f0155c04e45ac9e8c5b,structured-evidence
"experiments/tide-marks/archive/2026-08-24-capability-exploration-failure-review/snapshot/offline-production/library-exploration-conclusion.html",3823,70f947e30dbd66f860963a2db60dd24351e293881bb56fed8136b8756fe7a235,research-page
"experiments/tide-marks/archive/2026-08-24-capability-exploration-failure-review/snapshot/offline-production/library-exploration-conclusion.json",1121,9c523e728aa7585175555850336711bb0f4ae40950e7204050eebd31bd16bc2e,structured-evidence
"experiments/tide-marks/archive/2026-08-24-capability-exploration-failure-review/snapshot/offline-production/story-logic-audit.html",11855,8ae0c757d0d211b7e4a9f598f5145e67dd5cc9c9e2dae72e1b7fdeb30d23ec70,research-page
"experiments/tide-marks/archive/2026-08-24-capability-exploration-failure-review/snapshot/offline-production/story-logic-audit.json",7108,670c1248888ea746969e40cb8bbbccf703335cceac52614502be3b509a646ca4,structured-evidence
"experiments/tide-marks/archive/2026-08-24-capability-exploration-failure-review/snapshot/offline-production/video-production-control.json",253959,ae352c3578662507257f3e7c94d86e7ab3c41008626ce1ebac01227ce363a5fd,structured-evidence
"experiments/tide-marks/archive/2026-08-24-capability-exploration-failure-review/snapshot/offline-production/video-production-tracker.csv",12372,b1f40d0ccc35db537f793926fbf54818763c1f7617029796860ab0c63d110685,structured-evidence
"experiments/tide-marks/archive/2026-08-24-capability-exploration-failure-review/snapshot/outline/潮痕-outline.json",16213,80668af7b412423a1001aecc11ee46401f47727eba532f37c7240ac71e97ae5a,structured-evidence
"experiments/tide-marks/archive/2026-08-24-capability-exploration-failure-review/snapshot/production-hub-data.json",83958,4fd23fa23d72a39c1b1dde8f182b981dbcf661e77445c24412abc19b94596463,structured-evidence
"experiments/tide-marks/archive/2026-08-24-capability-exploration-failure-review/snapshot/script/潮痕-script.json",47213,abfb2527f462d20b3e40932058dc8cfa98e6621030e2a1c6d620e55813d26c21,structured-evidence
"experiments/tide-marks/archive/2026-08-24-capability-exploration-failure-review/snapshot/story-logic-audit.json",6752,a96ac31afbbae4bdb264adf793be0d1c09854f498cc99de3feb09fc2a516fbe6,structured-evidence
"experiments/tide-marks/archive/2026-08-24-capability-exploration-failure-review/snapshot/storyboard/潮痕-storyboard.json",411988,6ccaff15f976dfcdde854ec49a1990123e85d19a290814ea0b22c8be03b4af74,structured-evidence
"experiments/tide-marks/art/ASSET-QC-APPROVAL-2026-08-24.zh-CN.md",3224,fcf06797905b894ce09a928b463175594f65109800ef6e9ee291b3ae7dd34b94,guidance-or-prompt
"experiments/tide-marks/art/art-report.html",201288,0cf0fc393844fc300763de8b7cae5444ccd9f31117908e06352f210e1dea7acb,research-page
"experiments/tide-marks/art/images/三份独立备份盘-sheet.png",1532353,e41e7068f54dba3c8851edb67052b3e1d68144fbe301bd6e7c5389f82a0e0d64,visual-evidence
"experiments/tide-marks/art/images/南堤旧渡口候船厅与栈桥-sheet.png",2546070,99eef0ff071b44c0d3c4bd9bff828a477d666e5a1e6dedf240599b4f31ca478c,visual-evidence
"experiments/tide-marks/art/images/旧渡口货仓-sheet.png",2743962,d9fd5fd281fb535d12071f3706187b94d3624c4b5b226012bc51bb98d1d2589e,visual-evidence
"experiments/tide-marks/art/images/橙色应急电台-sheet.png",2067209,330f9e7e5d3e5614b963aa8cdaf1af7f5d5b521f59fa8bafe5e10a70bb414808,visual-evidence
"experiments/tide-marks/art/images/沉船点外侧防波堤-sheet.png",2358453,8c025188941826ee36860d05223c78f0a727a94fcd0d023b26396c3e019f0b1a,visual-evidence
"experiments/tide-marks/art/images/真正的载货联单-sheet.png",2457499,718bac079e6acfd046f4fd621c40f3e9dfa2785082281a82a34190d723d3cc26,visual-evidence
"experiments/tide-marks/art/images/程野残录手机-sheet.png",1662822,a3cee5e346b86d6e845797e8764e59ed70282720b7f653a4e89cb2a4aa2969c4,visual-evidence
"experiments/tide-marks/art/images/许德海事故责任书-sheet.png",2526691,9b806b3ed68ea5c47a460f9ad9df589dc0096ad60d53173e910adccca12a3c2c,visual-evidence
"experiments/tide-marks/art/images/许知遥临时声音修复室-sheet.png",2297498,22e2bfa2703143deed67bb4e45e3b38ddba363df4736a60fd0c203eb886cd2ae,visual-evidence
"experiments/tide-marks/art/images/锈蚀金属文件筒-sheet.png",2063133,cd1cfa19beaa693ee44dfd19b71cbbbb1365d05ee681b8480aaa87fdfffbeacb,visual-evidence
"experiments/tide-marks/art/images/黄铜船钥匙-sheet.png",1500777,ae7a94500f1bd8514adca427c3f4abe61dee890421b8bdd376cb1473983a92a0,visual-evidence
"experiments/tide-marks/art/潮痕-art.json",45286,380c9901e633c5a35373b57275a3a575fd459937fa2fd1869fdd967e207a2b87,structured-evidence
"experiments/tide-marks/art/潮痕-art.md",27485,f8fec054f032387bb1215cdb98e3b1a597947ead582ca807e6d7f74f388fd1cc,guidance-or-prompt
"experiments/tide-marks/audit-storyboard-prompt-semantics.mjs",5879,af7688ef831ddd440c3f1a4e6718b71cdcd4fa57046af4b43a7a4aa8e3f18614,reproduction-script
"experiments/tide-marks/author-episode-02-storyboard.mjs",23590,3bc25c464ccd5ba83d6aa014c9d14913729ed8f95c743b5ef6f23ac86b6a456f,reproduction-script
"experiments/tide-marks/author-episodes-03-06-storyboard.mjs",12168,9f7fc09928889c357a7b96f45449ec3f65557eaf11300bbfa1fc45e9670b7903,reproduction-script
"experiments/tide-marks/build-animatic-manifest.mjs",3001,0d9da29a9d348ac8867a3d21b4033dadc10645baa7bc7cd85c41be9fa058899b,reproduction-script
"experiments/tide-marks/build-capability-evaluation.mjs",18378,0a622e992c11d58beccfa9a71822318bd9e8b299bc2c88cc36467c4ff10de3a9,reproduction-script
"experiments/tide-marks/build-chinese-production-guide.mjs",13473,653b02144c94808746262feea9bbdc80798ed2503f23f460bd1dbc7d061bfbc0,reproduction-script
"experiments/tide-marks/build-continuity-audit.mjs",11378,51c0e8974717c952f887674ef14c05482b30c85003deee96eb4e4e1ba611095d,reproduction-script
"experiments/tide-marks/build-exploration-conclusion.mjs",7856,f466ec4670cc9893f2d3d78aee9a0b61689a11af2f434dd24d97a8187cda29b1,reproduction-script
"experiments/tide-marks/build-foundational-capabilities.mjs",11437,5f0035f67f18b189aff37782db78e9937ac543016d87c82b951038233f8a0f33,reproduction-script
"experiments/tide-marks/build-full-story-package.mjs",4770,8ba79253735b5f57a42d39b72be9ae89b28c8b11a6bbabf801ba41ce2160f43b,reproduction-script
"experiments/tide-marks/build-offline-production.mjs",19980,f2e33914b296404e8e324d92287f8ddab92c6475c4c200d324f27c4390c499d8,reproduction-script
"experiments/tide-marks/build-production-hub.mjs",51722,ede0788abb829156735c265e26c65cd0a1c5eec91fc304c19c9bbbb9622863f0,reproduction-script
"experiments/tide-marks/build-production-status.mjs",8979,bedb10813e247f2d362a1930f9362cc690a397623ab9c777d8de6165c5299175,reproduction-script
"experiments/tide-marks/build-qc-contact-sheets.py",8796,55f09a5bbae9986a5e04df89c37873dafc852bdb7973c6b3cf04b6bb0ed24a46,reproduction-script
"experiments/tide-marks/build-research-archive.mjs",8890,4c5c97a3fee96823c8c2036b16fff59179c1d1f9fa6bbbf0f936b10ae3b4ce5f,reproduction-script
"experiments/tide-marks/build-story-logic-audit.mjs",5633,0dece47821792239ad9f8ec71175145f7630ad6a97bccbaffce42a340bc1c570,reproduction-script
"experiments/tide-marks/build-video-production-control.mjs",24759,e47e20fc92f94f94a096f3e0417f0128e075b1ca5c4b8b7bab79dfe59ee884be,reproduction-script
"experiments/tide-marks/characters/images/程野-sheet.png",2092830,fef32a44e4e62bf44ee736e76f128b0e96378caf8da88573e76f1bb6703b268b,visual-evidence
"experiments/tide-marks/characters/images/许德海-sheet.png",1941241,6a12308b20a01897c6ce181c2f2699cbf3dc335eb1cf57b7060c12e74a9171b4,visual-evidence
"experiments/tide-marks/characters/images/许潮-sheet.png",1923478,3971c10385ab253d0dfff20286511345e2701efb6570fd7f1d3b1ff52a13a038,visual-evidence
"experiments/tide-marks/characters/images/许知遥-sheet.png",1644219,b14d37a46d30fa3b79a1dc37d3d1c851029f063ce7cfb2cac5d6d30b2c68e172,visual-evidence
"experiments/tide-marks/characters/images/高嵩-sheet.png",1852588,b9ab485e0533a744069222c6b11400ed1bbdfa9157358bdcff7c4b9ff62574b5,visual-evidence
"experiments/tide-marks/characters/report.html",178624,4b7048b48181fbf555e6d869423eb63c1b9d67cd33539ddb4e77b1ec262cfc69,research-page
"experiments/tide-marks/characters/work/card-程野.json",6590,3c7caff04838d512f8951194e989eb790bb9a087e17a60492c4681e6a9857012,structured-evidence
"experiments/tide-marks/characters/work/card-许德海.json",6512,379871e8f16226058c0c0ea8e038d198239b0dca10433dd105345d5ea21bdcd5,structured-evidence
"experiments/tide-marks/characters/work/card-许潮.json",6619,066561c8de54c0a2d258a882d004c23b28d3038831b7096db6101cf77ed32c6d,structured-evidence
"experiments/tide-marks/characters/work/card-许知遥.json",7017,b77914319bfbb9a33602739c06e7e724cd932a33dde33a8150330ddabd8db34a,structured-evidence
"experiments/tide-marks/characters/work/card-高嵩.json",6661,12943cbc34fdebd3b49665295219b45125d2476709c908ba0759d364cdc1fe3a,structured-evidence
"experiments/tide-marks/characters/work/merged.json",645,750c6298de37c436c79875a3c73505bda00262534e6555ebeedc90edd723a775,structured-evidence
"experiments/tide-marks/characters/work/seed.json",5411,14c028e29849d97309044806fd95fae3196850247e7bed0f7cd04b1ebc35bac4,structured-evidence
"experiments/tide-marks/characters/work/summary.txt",407,48bb65dae3d14dba865379ea24421d2c6b74fd2c09ce582baaf7640bd8fcbc67,guidance-or-prompt
"experiments/tide-marks/characters/潮痕-cast.json",36279,15a5b7d773e69edd6f2ef299ce05df47c825ea249ddc19ce85feb5cacb836822,structured-evidence
"experiments/tide-marks/characters/潮痕-cast.md",33095,fed6a7f74a0a5eb4395df7b0fe63e1fc00455dd4d442bc193e11d1af2535f582,guidance-or-prompt
"experiments/tide-marks/chatart-h3-13s-2k.png",257417,54e8f0a4a5d12556a385ec519ae95dee90085ab2960e604cd0af4aa97173a1af,visual-evidence
"experiments/tide-marks/chatart-h3-13s.png",576160,d2d82e5b0337ae4e6780959c9fff5d5c7e867f38c40c2e17d6a61eacd67d628c,visual-evidence
"experiments/tide-marks/chatart-h3-after-close.png",576215,57dc5bcbf8d5bc485ac47a7c5b3e2f9be906a32bc9e7772c6ed92a95e50e3401,visual-evidence
"experiments/tide-marks/chatart-h3-controls.png",582169,97e40542751232c4e8b16ff147e76503e094f85c9bedc2247c3a100fd39f1b91,visual-evidence
"experiments/tide-marks/chatart-h3-inspect.png",562328,9568e7b4b5f65db6542c8daf50885273742adc241b85ac93b4e04d8423cc6b90,visual-evidence
"experiments/tide-marks/chatart-pricing-inspect.png",277620,ac8cfa978c62dabd5c5dea9af7d41c35283e3afd9e364d68fd12c4e45a34b65a,visual-evidence
"experiments/tide-marks/continuity-audit-policy.json",5600,dd9a346d3e977faed9da43b5ee49f4663d373f29b9a80d61ba24e91063dd6721,structured-evidence
"experiments/tide-marks/curate-prompt-semantics-batch-01.mjs",2920,f88b4a6e0511faf4a8ea81259ad48865243f057c54c1fbf779936805338cb1b8,reproduction-script
"experiments/tide-marks/curate-prompt-semantics-batch-02.mjs",1694,a8807c9bc11a0b46bf2f34c1780328536db8ed7f82760acd140391c5a2efc6d4,reproduction-script
"experiments/tide-marks/curate-prompt-semantics-batch-03.mjs",15491,746a812b1173e70e9508fbbf5add67445c5d4e1163655b7826df5882abbe0cb0,reproduction-script
"experiments/tide-marks/curate-prompt-semantics-batch-04.mjs",3545,772e35ce3a2eb94d3ed30f29ecb64e50e9f8cfcf60420ae5acb1560a771324c6,reproduction-script
"experiments/tide-marks/curate-prompt-semantics-batch-05.mjs",28784,36c1336ae92de39fbd15659ea2963b5b0944e9eed1f64e78744aad65160234b7,reproduction-script
"experiments/tide-marks/curate-prompt-semantics-batch-06.mjs",40985,c562193149c513602edab554e0c89ebf81c7ad8402bf4e6a2250aff112f892bc,reproduction-script
"experiments/tide-marks/curate-prompt-semantics-batch-07.mjs",32795,5a50ce1a190f2a8221c543b4c11fce6f6c07e3dba16357ae19df8f3bdd2f34c4,reproduction-script
"experiments/tide-marks/frame-generation-provenance.json",117476,3e57d583f3671927831305c18888f570e3a8d53e446f040c8dadd18eb9603012,structured-evidence
"experiments/tide-marks/frame-qc-overrides.json",59740,4d6d5640d6552ccb856a2c78e6d4aa2eb47e5346fe91679e0a12adfb3c443c45,structured-evidence
"experiments/tide-marks/generated-videos/E01-01/E01-01-v01.mp4",2009183,56e70afe31cdf481fa98434673cc6451a553fb20dc4ac85256dcaaf9ebdf6d25,media-evidence
"experiments/tide-marks/generated-videos/E01-02/E01-02-v01.mp4",1714844,dce0e3492f9e47cf6f7fda8ddc6b2889784f3ff2ef897996323b85cf29f4000e,media-evidence
"experiments/tide-marks/index.html",203118,ec3bf25f6fc7759300a18c48ce2dfb9a36e204ff871bd6a93671657f711009ce,research-page
"experiments/tide-marks/normalize-storyboard-quality-gate.mjs",2359,681e095989bf1ab6b09565958ae533d598dc36d6b1944753d3e4cb3e59d668d3,reproduction-script
"experiments/tide-marks/offline-production/CAPABILITY-EVALUATION.zh-CN.md",6973,1c7e6f6b823bb1c95665e9b2919ca4a1728c802b6602c6f00348e274339b20c0,guidance-or-prompt
"experiments/tide-marks/offline-production/CONTINUITY-AUDIT.zh-CN.md",11912,e9daaeafdfaaebb778543e509e22d39f8fb12fc60141a109281b4ee100024039,guidance-or-prompt
"experiments/tide-marks/offline-production/E04-IMAGE-QC-APPROVAL.zh-CN.md",3169,961ba0248e16a24a468680fcb6b1894484775ff4a6edf2a672b886512e497d76,guidance-or-prompt
"experiments/tide-marks/offline-production/E05-01-03-IMAGE-QC-APPROVAL.zh-CN.md",3575,c3f99e3d9af1f8d1860b2ff665636e9900b106e153a10147e96596a0c7923eeb,guidance-or-prompt
"experiments/tide-marks/offline-production/E05-04-05-IMAGE-QC-APPROVAL.zh-CN.md",3067,7439595b5f3f17674935744bdc12ee9441618977b06fdb97954baf7f28f5a963,guidance-or-prompt
"experiments/tide-marks/offline-production/E05-06-07-IMAGE-QC-APPROVAL.zh-CN.md",3376,8b795bc84ea9548bfba78dbbfc141bc72756df5dfdd7c106b6f039de8f637b9c,guidance-or-prompt
"experiments/tide-marks/offline-production/E05-08-IMAGE-QC-APPROVAL.zh-CN.md",2796,c3cf05448c49cc5ccca0448b1d16335420805361454cbeb880109599d1b0f89f,guidance-or-prompt
"experiments/tide-marks/offline-production/E05-09-IMAGE-QC-APPROVAL.zh-CN.md",3452,b78fbfe4273b01dce275faa71f816c7c4a959f5820bd958fd6df41a5095b5386,guidance-or-prompt
"experiments/tide-marks/offline-production/E05-10-IMAGE-QC-APPROVAL.zh-CN.md",3437,be8104a79303508802cf90bcebb295984039b21daf09b26d2309cc9df114e0d0,guidance-or-prompt
"experiments/tide-marks/offline-production/E06-01-IMAGE-QC-APPROVAL.zh-CN.md",2840,498b3920ac1513d786861fdac04dce899a369b717044167d2b6477b37a832bc0,guidance-or-prompt
"experiments/tide-marks/offline-production/E06-02-IMAGE-QC-APPROVAL.zh-CN.md",2438,b98bff447a76b88286d2977ec5c025b4867532e91292c96eedaf5f404b541563,guidance-or-prompt
"experiments/tide-marks/offline-production/E06-03-IMAGE-QC-APPROVAL.zh-CN.md",1512,07de461da34937a34da3e59376bfe0ba0bf8526f433f9f30ed9501d0de1d4b23,guidance-or-prompt
"experiments/tide-marks/offline-production/E06-04-IMAGE-QC-APPROVAL.zh-CN.md",1282,3cd9986faedb1aecaf81394f9888c15be68730385d835814ab306df288ad7126,guidance-or-prompt
"experiments/tide-marks/offline-production/E06-05-IMAGE-QC-APPROVAL.zh-CN.md",1634,598f0a39ed2e9e4870607a0ea53430fd6f0ca2be0a82422ece5e6d951c4e4542,guidance-or-prompt
"experiments/tide-marks/offline-production/E06-06-IMAGE-QC-APPROVAL.zh-CN.md",1298,cbe9e41be5f84a0331c984bef6a7d966001b8f2e73dff368d467d56aa2655940,guidance-or-prompt
"experiments/tide-marks/offline-production/E06-07-IMAGE-QC-APPROVAL.zh-CN.md",1281,ab312d3611df85d14e890d0f7b4bbeb70600860af65488e2d62a4054d8883acd,guidance-or-prompt
"experiments/tide-marks/offline-production/E06-08-IMAGE-QC-APPROVAL.zh-CN.md",1205,cfd4afa31b756aeceaf472fee46c5a27a5f2b4b7569c557b10d8888b68d94604,guidance-or-prompt
"experiments/tide-marks/offline-production/E06-09-IMAGE-QC-APPROVAL.zh-CN.md",1162,d6be76032be2f330b7c31445404c8e2d35a9497d0076e875d94a7ab6cca4628a,guidance-or-prompt
"experiments/tide-marks/offline-production/E06-10-IMAGE-QC-APPROVAL.zh-CN.md",1198,158faee33540f3027cef97a1f8580b1564b10c7d7339536dcd78bfa7afaca9c7,guidance-or-prompt
"experiments/tide-marks/offline-production/E06-PREGEN-RISK-AUDIT.zh-CN.md",4824,2697180cf29362b96f5aabd3eb4b3fe0c82ceff556f9c93a69774196beea2a19,guidance-or-prompt
"experiments/tide-marks/offline-production/IMAGE-QC-REPORT.zh-CN.md",6345,b6990471f0121b2e6897b762aa2efd2cadfa386a5981a0cb5d49f2004498c8b1,guidance-or-prompt
"experiments/tide-marks/offline-production/MASTER-EDIT-TIMELINE.csv",122042,883513298e4f6a35db72dffcea1b4b6221f0be28390ef22350e651f5c4cbe773,structured-evidence
"experiments/tide-marks/offline-production/POST-PRODUCTION-OVERLAYS.csv",1049,6852cb9d2182e9c043d44424d5ba8a8c6fe57b4d610a4940f1d891985dac1948,structured-evidence
"experiments/tide-marks/offline-production/README.zh-CN.md",2486,8e4f17c697b43c334c4dd745931302b19060b796a91313cc1d4cd423c71cf377,guidance-or-prompt
"experiments/tide-marks/offline-production/REMAINING-IMAGE-GENERATION-ORDER.zh-CN.md",4469,73e36124385d9e8bbf29f7b362ef91cf72be56873b383bc2b990437da4be71e5,guidance-or-prompt
"experiments/tide-marks/offline-production/STORY-LOGIC-AUDIT.zh-CN.md",5870,968894947f7561e7b30c9f95fe8e26fa9d3c706e8038f7b048658d6fc1c317b0,guidance-or-prompt
"experiments/tide-marks/offline-production/VIDEO-PRODUCTION-CONTROL-REFINEMENT.md",4473,f1aa67b66ddae525ae0b0c3212dcdeae1ffaaf01ba3d26716942a96c88718e94,guidance-or-prompt
"experiments/tide-marks/offline-production/VIDEO-PRODUCTION-CONTROL.zh-CN.md",3766,35561e4fa1c44a4045bffe2bf1e44b012315caa167596a6d0047b61d9c64f7cf,guidance-or-prompt
"experiments/tide-marks/offline-production/capability-evaluation.html",12705,7960ccb59fb95edd24e5302c601415d2fbb34c8a8f48bd5927d7233c6dd7b9c6,research-page
"experiments/tide-marks/offline-production/continuity-audit.html",69211,8a91454ff7e2473a049660035f213b9498b06d5cfb41c34b5ebba23b3ad8b546,research-page
"experiments/tide-marks/offline-production/continuity-boundary-audit.csv",33031,a2435ddbe74ea9e699cacae957fb381d51faa56f37361340a51ac8c61c927f94,structured-evidence
"experiments/tide-marks/offline-production/continuity-boundary-audit.json",62684,ee932b17a7acbfa0de44dc162ee7b4afb25e15f2f1a00f0155c04e45ac9e8c5b,structured-evidence
"experiments/tide-marks/offline-production/dialogue-cues.csv",22876,b02c9ec6246520c58e84f08ff0b5446950060bad3e4ed10e588f41321f53e974,structured-evidence
"experiments/tide-marks/offline-production/foundational-capability-architecture.html",8743,bec673697b3ae972ef859ae52941e31855d713f6d4e1909f985ff25b462777c6,research-page
"experiments/tide-marks/offline-production/frame-qc-registry.csv",103156,a5a6e1e4f2a0d88657d83e7e8fd3fc01ce1067ed43a4607059ca4bb6bc026459,structured-evidence
"experiments/tide-marks/offline-production/library-exploration-conclusion.html",3789,3c78cf4985e88c60bf2bda9c195f750fc7bdab72e6507ae294bc444a3f44cada,research-page
"experiments/tide-marks/offline-production/library-exploration-conclusion.json",1121,9c523e728aa7585175555850336711bb0f4ae40950e7204050eebd31bd16bc2e,structured-evidence
"experiments/tide-marks/offline-production/media-demo.html",4823,426b563ef02bff73322fff76980a14102fb6b0fcdd41cc35744b643494529f9e,research-page
"experiments/tide-marks/offline-production/overlays/E06-10-f2-phone-notification.svg",770,5b46743e84efc86db5fd871e1712f189c524bb422fe3a20952379fcc2e07c28d,visual-evidence
"experiments/tide-marks/offline-production/overlays/README.zh-CN.md",884,2e476cc17dd39d49b80d7347d64d104dfa9bda4af0e3a263750f8a2921496276,guidance-or-prompt
"experiments/tide-marks/offline-production/sound-music-cues.csv",36310,1ec10c69dddde830f53fd43effe9cd0283447694e6e4d70ec461644ec156a9f2,structured-evidence
"experiments/tide-marks/offline-production/story-logic-audit.html",11725,8a2b519cb812466e72d56d70626a8187dd6309ebf0b5dee64876347e117caecf,research-page
"experiments/tide-marks/offline-production/story-logic-audit.json",7108,670c1248888ea746969e40cb8bbbccf703335cceac52614502be3b509a646ca4,structured-evidence
"experiments/tide-marks/offline-production/subtitles/E01-draft.zh-CN.srt",795,6cb5646dc843e2ece7c3331a069026ab9540f3e032f3f9f80c9a28809b7c4f9e,guidance-or-prompt
"experiments/tide-marks/offline-production/subtitles/E02-draft.zh-CN.srt",1620,207fe43cd55bacf3396f0a675a8e9868327e2ecead777f8709c8acd39715da10,guidance-or-prompt
"experiments/tide-marks/offline-production/subtitles/E03-draft.zh-CN.srt",1887,61707d58201758bd8e82827127aab4a9c668d39f5292db4807c859c86e767a9d,guidance-or-prompt
"experiments/tide-marks/offline-production/subtitles/E04-draft.zh-CN.srt",1905,a7a3dae9199af8cb75ff4d5855108e76fea274749b25f549da6e4febabc2b923,guidance-or-prompt
"experiments/tide-marks/offline-production/subtitles/E05-draft.zh-CN.srt",1692,2d96cc134925836a9eb7a5350c906fa4f098283fdeb98e09e4fd967fab5d9ab5,guidance-or-prompt
"experiments/tide-marks/offline-production/subtitles/E06-draft.zh-CN.srt",1836,5f3b361729376cdb71e8a59caa139d70f5e0c2593ed5c435646f3f00e8d4afdd,guidance-or-prompt
"experiments/tide-marks/offline-production/timelines/E01-edit-timeline.csv",13380,d6a248ce620771b3b609e3435f2630a0b3aacb01f6a298634b4da85652be7a75,structured-evidence
"experiments/tide-marks/offline-production/timelines/E02-edit-timeline.csv",13607,6343efa6d8e7ff28ee667ac146ce9676a23cf9e443cc694c75d87f8c3ccc8ae0,structured-evidence
"experiments/tide-marks/offline-production/timelines/E03-edit-timeline.csv",12856,7ba9eda0e735473ced3a80168b1dbb4a4d646085d1f9ce679b34215683b6707e,structured-evidence
"experiments/tide-marks/offline-production/timelines/E04-edit-timeline.csv",12128,ea8adfd1880274197708cc45f3ecf865048891c0a3ac0d9120ff385dfdbc2497,structured-evidence
"experiments/tide-marks/offline-production/timelines/E05-edit-timeline.csv",15032,a7c55c2e64a92f4c8661f3c0c6f761af1e2f946cde9b0aeb2716d57e6f655768,structured-evidence
"experiments/tide-marks/offline-production/timelines/E06-edit-timeline.csv",11640,3cdfa14d44d7fa04e2e577c58629a26011f621aac03ff2966a7eba6415cb0799,structured-evidence
"experiments/tide-marks/offline-production/video-production-control.css",7306,22bf115e0c33d987336013d4a30e4164690201a843221e7b03af965342ca5245,supporting-file
"experiments/tide-marks/offline-production/video-production-control.html",72936,36a51a78e495a814b8a37f0ca804bbeaff3494a8f3a30f156b27390677ea4fd4,research-page
"experiments/tide-marks/offline-production/video-production-control.js",11621,f0c480f9d0681f6db1afa7e037a5c463fbebac750c8fb837e0a20b05d46ebf45,reproduction-script
"experiments/tide-marks/offline-production/video-production-control.json",253959,5a887bb46f99c744606c055b35c5235b3a58e72536120581caa92d71efe7589d,structured-evidence
"experiments/tide-marks/offline-production/video-production-tracker.csv",12372,b1f40d0ccc35db537f793926fbf54818763c1f7617029796860ab0c63d110685,structured-evidence
"experiments/tide-marks/outline/eps-01-03.json",3817,55a34f22c1f251d767303501a8b5c5ff9f50121b310f9a15c67ee09505fbdb3d,structured-evidence
"experiments/tide-marks/outline/eps-04-06.json",4626,cf366e1c87ae1e4b58656c98918e6c8b2bfd8d3c2ed33c6c0b4d32786135b712,structured-evidence
"experiments/tide-marks/outline/outline-report.html",61873,b23b7279865d8bda1e55e31aa4c9a9b97b0371ff527c5f67faab5906df9f838c,research-page
"experiments/tide-marks/outline/潮痕-outline.json",16213,80668af7b412423a1001aecc11ee46401f47727eba532f37c7240ac71e97ae5a,structured-evidence
"experiments/tide-marks/outline/潮痕-outline.md",15083,1bc49a8b53c2f0d30b0815c0512455ea0d1fad847bc70beea05b525cf3639b01,guidance-or-prompt
"experiments/tide-marks/prepare-chatart-imports.mjs",15006,9d797d18b623d7cfc0a5c1c95bcbed112e793e6e99d540086abd3813ede14f54,reproduction-script
"experiments/tide-marks/production-hub-contract.md",4226,ac1c53d8c035ec35a1c3e6bbb1aef7ec0532235e34833e24b1e12f88df5af133,guidance-or-prompt
"experiments/tide-marks/production-hub-data.json",83958,3dba818ebee9f4d99859023dcaac2bdac79b0a254079b4104f76aa68a2dc61e6,structured-evidence
"experiments/tide-marks/prompt-semantic-audit.json",1351,a5867fd14da123035292208e7e78098025462c903019d0599068d99b2540338f,structured-evidence
"experiments/tide-marks/reference-images-generation-log.md",3098,4ad5adcfbc105ac9923f95e59d02d037228b40c34d14aa0266c51728735da527,guidance-or-prompt
"experiments/tide-marks/restore-demo-media.mjs",12788,89f94fdc0b7aa7c4623220d8fd303888e6e818da6e7c355eaca6eaa73f45904b,reproduction-script
"experiments/tide-marks/script/script-report.html",119319,c9348a02134b8d99f9c0e2911aba2221c48c67dd92fcddc82a7555e9424ab262,research-page
"experiments/tide-marks/script/work/script-01-03.json",15034,b7cd20837de9fc63551b1f3a80b001ac4fc43745babcbe3337414c83db789195,structured-evidence
"experiments/tide-marks/script/work/script-04-06.json",18111,c8578a4f8e4db382516d51a40f4c22dbdb4626a8740cc24d37733304f3c2ba01,structured-evidence
"experiments/tide-marks/script/潮痕-script.json",47213,abfb2527f462d20b3e40932058dc8cfa98e6621030e2a1c6d620e55813d26c21,structured-evidence
"experiments/tide-marks/script/潮痕-script.md",24048,7529569ea284fed14a4abe7dee3968331e08b990a3d0eccfa393877e0f6f7541,guidance-or-prompt
"experiments/tide-marks/source.txt",6431,a58b75a63f7d9f166ceecf44a2d7374d1b6fe6465e62b47a720ae9c6d499d690,guidance-or-prompt
"experiments/tide-marks/story-logic-audit.json",6752,a96ac31afbbae4bdb264adf793be0d1c09854f498cc99de3feb09fc2a516fbe6,structured-evidence
"experiments/tide-marks/storyboard-ep2-pack/E02-01/e02-01-generated-chatart-h3-768p.mp4",3718532,c5442501a5419e5a8252b905f09de36324b3305568b97a514d2e3d5d3b4bfd70,media-evidence
"experiments/tide-marks/storyboard-ep2-pack/E02-01/e02-01-static-preflight.mp4",2166469,4e35c953be33eb3e9f2bcd7787cfb92a817f22da4b6a5cc6b6c65cdb00956c00,media-evidence
"experiments/tide-marks/storyboard-ep2-pack/E02-02/e02-02-static-preflight.mp4",937000,17c16ff242663963b7444b8d372404c1fc0f45d00453739df58c69d98a29b020,media-evidence
"experiments/tide-marks/storyboard-ep2-pack/E02-03/e02-03-static-preflight.mp4",1075481,7b134367d47df6028e355bd4670abb87cc4739c5370fe6978fcb3b130d210793,media-evidence
"experiments/tide-marks/storyboard-frame-generation-log.md",2166,6fef1c00343878f3b81e15aa754db1c768a4a894f675034491569dc06b043831,guidance-or-prompt
"experiments/tide-marks/storyboard-full-pack/E01-01/README.zh-CN.md",2048,8da1538edbc59eaf82faf9e6b9e0e593f4f263ac7d861c2e2733d37aee0062b2,guidance-or-prompt
"experiments/tide-marks/storyboard-full-pack/E01-01/SHOT-VIDEO-FALLBACK.zh-CN.md",1800,b4f9ce174bb06f2138cb71339f96b211752ddf2e9cbc743605aa75bd11b00a46,guidance-or-prompt
"experiments/tide-marks/storyboard-full-pack/E01-01/UPLOAD-ORDER.md",2062,dd48c91fdfdd006c62e52b493f6016ba1223ad173c514e028cf1c3b599e0ce62,guidance-or-prompt
"experiments/tide-marks/storyboard-full-pack/E01-01/chatart-prompt.txt",2519,5cd8c5572d7bcc7893d8f40df6daa87bdbbae82d4788a0fe554b45090c9c34c7,guidance-or-prompt
"experiments/tide-marks/storyboard-full-pack/E01-01/f1.png",2020827,701ba2444847069b1b35afa4e5fd6bdfcab87ca98409129f2327e40b4a9902ca,visual-evidence
"experiments/tide-marks/storyboard-full-pack/E01-01/f2.png",2335148,7cdc60abb5f5a2fd7a8466617a8dbd196f351250f2b7b540780c0a8e130dc88c,visual-evidence
"experiments/tide-marks/storyboard-full-pack/E01-01/f3.png",1781910,f7e7b9298e914547c3e2d8fff9d501edecc018e0a7f4de3dc314b655b1d8133d,visual-evidence
"experiments/tide-marks/storyboard-full-pack/E01-01/frame-prompts/f1.md",1771,da7a9bf0669a0d313fd3f2677cff68530f24fa9ab9d564e0d0192dd1a0bac32d,guidance-or-prompt
"experiments/tide-marks/storyboard-full-pack/E01-01/frame-prompts/f2.md",2215,94f04165a2edc0b7c1aade1049db0f5a8b31d07b3981a9dcf9fd19ab52bce03f,guidance-or-prompt
"experiments/tide-marks/storyboard-full-pack/E01-01/frame-prompts/f3.md",1777,efb70dd6307d59ad1d05095b8904d2b071acf9e987fb12d2a92a648ac433d973,guidance-or-prompt
"experiments/tide-marks/storyboard-full-pack/E01-01/import.json",2514,04229b9627b7f05a970dacc78dfa0cd452e03730c5de8cd671bdb0543d76ad42,structured-evidence
"experiments/tide-marks/storyboard-full-pack/E01-01/prompt.md",2231,b426e694e95b572caafb871cfb803f7dd2952da9aaeec9ea0e3d6fdd4f99a17b,guidance-or-prompt
"experiments/tide-marks/storyboard-full-pack/E01-02/README.zh-CN.md",1847,bd4a2862a0a35655f311f5c1c36ae35ac176319caf26ed1e9cde5e51cca748f4,guidance-or-prompt
"experiments/tide-marks/storyboard-full-pack/E01-02/SHOT-VIDEO-FALLBACK.zh-CN.md",1674,e2d927916a0be4d21f3c2874b4d92d348dd4819b7363b85cbadbafe7e7006dfe,guidance-or-prompt
"experiments/tide-marks/storyboard-full-pack/E01-02/UPLOAD-ORDER.md",2279,27cc121d50445f8593cbfe0de0e10b238db90bf0bf7bf40c4f5e3f9847dc450a,guidance-or-prompt
"experiments/tide-marks/storyboard-full-pack/E01-02/chatart-prompt.txt",1996,6ebe175af4c351f6e6a55140f06aafedd98fd1e0d7fc84c98dfc05481982ac98,guidance-or-prompt
"experiments/tide-marks/storyboard-full-pack/E01-02/f1.png",2123415,662c3cb5d51b61fe5fd2972d4f3e797e94534cc0277f9a4b6cf31a2661515317,visual-evidence
"experiments/tide-marks/storyboard-full-pack/E01-02/f2.png",2352006,300d89c8d2799cd2dc9b37f77a43803c7533f5bafeee7b4de386e97304d7c54a,visual-evidence
"experiments/tide-marks/storyboard-full-pack/E01-02/f3.png",1919965,170e0afd9cbed2a5bd29fb5055a2da7b9a24a00ecdf3578876dbd606c1eed81a,visual-evidence
"experiments/tide-marks/storyboard-full-pack/E01-02/frame-prompts/f1.md",1552,e64a7b6f7c84a20ece2a9eb8405ef7af19861b078f0f91e28902644e857f7963,guidance-or-prompt
"experiments/tide-marks/storyboard-full-pack/E01-02/frame-prompts/f2.md",1946,f50d921815f504e1bf862912780c6e50e07df2577fb94b5181b9ae865e9ad995,guidance-or-prompt
"experiments/tide-marks/storyboard-full-pack/E01-02/frame-prompts/f3.md",2138,c30e066f23cea55284576b22061b8f519df7a87f52537c6c0e9fde0dc39d0a40,guidance-or-prompt
"experiments/tide-marks/storyboard-full-pack/E01-02/import.json",2833,de18c86419aba522a3eb3bfb65de2ffde1722c8ceac1e82248c7990eee2a3fbe,structured-evidence
"experiments/tide-marks/storyboard-full-pack/E01-02/prompt.md",1275,53bd846776d408db402e262db375326b933db23514897468846f09c7d1f1ef16,guidance-or-prompt
"experiments/tide-marks/storyboard-full-pack/E01-03/README.zh-CN.md",1921,aec39d2dc62cd4cf0036256d9a2abbace06f556473138655209e2f9bea55fc46,guidance-or-prompt
"experiments/tide-marks/storyboard-full-pack/E01-03/SHOT-VIDEO-FALLBACK.zh-CN.md",1708,b08e43e25df3e5c634ee21a1854e4193d38891881d0c8c5458d3c958c6ca59cc,guidance-or-prompt
"experiments/tide-marks/storyboard-full-pack/E01-03/UPLOAD-ORDER.md",2392,a8cabbe3c806f022e1e3cf9206d546f070c4d04c9d92e0d7d34965a3b3c1a25a,guidance-or-prompt
"experiments/tide-marks/storyboard-full-pack/E01-03/chatart-prompt.txt",2143,5f05ddf8e0eb2d2cc06605893698464eadfb7b0da11eca3a5e351467bc1691b5,guidance-or-prompt
"experiments/tide-marks/storyboard-full-pack/E01-03/f1.png",1996052,3118e5482cf41589a0c2c6b5f5e94248be16a448e06ec5813701d5b4e42769dc,visual-evidence
"experiments/tide-marks/storyboard-full-pack/E01-03/f2.png",2138986,32638651454cffec589ad0cd0fad944ace9e3220b9db26cd141ab37c71a05536,visual-evidence
"experiments/tide-marks/storyboard-full-pack/E01-03/f3.png",2236897,cc05a9a38d345070b788fcc220ce685ebf9d2b1df91ad7149267071a3e2db080,visual-evidence
"experiments/tide-marks/storyboard-full-pack/E01-03/frame-prompts/f1.md",1776,207555ca945d3eeb48f6174f16b755c383a0e79ffba33c8ea319c59d2c7eecef,guidance-or-prompt
"experiments/tide-marks/storyboard-full-pack/E01-03/frame-prompts/f2.md",1911,57f83f92170654fccf37152bd00d12aa1d756bd7c72cfcd9ac8f86a528187cb5,guidance-or-prompt
"experiments/tide-marks/storyboard-full-pack/E01-03/frame-prompts/f3.md",2164,b3ef7c3be3dd5a6833996baa52947edbdfeccdba2f4dbd3fbbd21c370597f33e,guidance-or-prompt
"experiments/tide-marks/storyboard-full-pack/E01-03/import.json",2948,6f9ef0de44e15e1d3b3d591f30b34f336d56cacd5d67b61348d55e9c42f8e72c,structured-evidence
"experiments/tide-marks/storyboard-full-pack/E01-03/prompt.md",1360,9d201c8d59eefe734ef6cf4004dd0fa32ef9943d49519645aac68dd793010a76,guidance-or-prompt
"experiments/tide-marks/storyboard-full-pack/E01-04/README.zh-CN.md",2035,cda7be47cda4e8ef0504277c651b655bacff482ae07670ac9dd8e0d7afae0960,guidance-or-prompt
"experiments/tide-marks/storyboard-full-pack/E01-04/SHOT-VIDEO-FALLBACK.zh-CN.md",1790,f7b7b4c1771db3eea4004ed57c5d6bc34981ed282be76691292cc97d6bb63cc7,guidance-or-prompt
"experiments/tide-marks/storyboard-full-pack/E01-04/UPLOAD-ORDER.md",2438,a74afde71e59d49d7c313d5d61775b07e4b505e2e57bd4d01d78a2fe4d8e27a4,guidance-or-prompt
"experiments/tide-marks/storyboard-full-pack/E01-04/chatart-prompt.txt",2261,0d1a5e0f6837f96cea4764acdbee6cc2806226d8afc93f0bee305f92a08d46cf,guidance-or-prompt
"experiments/tide-marks/storyboard-full-pack/E01-04/f1.png",2184397,bd4fab174bdbbf76866512fc375ee6a65b194f4e2fa1e3153c8ce7c8627d2c0a,visual-evidence
"experiments/tide-marks/storyboard-full-pack/E01-04/f2.png",1994471,98bbd54afb6d10931f0b8dd9442caa6f6e4fdde3d02295e4f0f7b3cfd31c88d1,visual-evidence
"experiments/tide-marks/storyboard-full-pack/E01-04/f3.png",1911491,18c197bab97614ad892b3c80a6e25edff80a41d94d7fc4c35ca3e03165df7db5,visual-evidence
"experiments/tide-marks/storyboard-full-pack/E01-04/frame-prompts/f1.md",1876,970ea6c5c488c214c8fde933a762fe2ca1653944c50e81b9cccddb6cce7f68d0,guidance-or-prompt
"experiments/tide-marks/storyboard-full-pack/E01-04/frame-prompts/f2.md",1973,5e013790729c01df0110eccd5b9c79bd656a9ac0511f3deac744b3851cca149c,guidance-or-prompt
"experiments/tide-marks/storyboard-full-pack/E01-04/frame-prompts/f3.md",1756,77d7c881d2834722be3cc61c8b08bece5cf6585635b0278d1a3c92a878a2be8e,guidance-or-prompt
"experiments/tide-marks/storyboard-full-pack/E01-04/import.json",2989,b6352ad847f70f5e628d6089f6f1c3b24970c38a94a00dfc1b4c5299fad8bf13,structured-evidence
"experiments/tide-marks/storyboard-full-pack/E01-04/prompt.md",1502,c7543fb65bcc9a86e2bda3293b6eff524750bbb66dba520a2a699e9fe0743a8e,guidance-or-prompt
"experiments/tide-marks/storyboard-full-pack/E01-05/README.zh-CN.md",1780,3b8d19ffee845de53dce46a4ec12785b79c5d35446057c8c4cb4ae79789f725c,guidance-or-prompt
"experiments/tide-marks/storyboard-full-pack/E01-05/SHOT-VIDEO-FALLBACK.zh-CN.md",1664,1f0a55eebb27186d4cdeec8680c01fdbaa69a1a885bdda6ce0bf34f803831581,guidance-or-prompt
"experiments/tide-marks/storyboard-full-pack/E01-05/UPLOAD-ORDER.md",2239,7898ecfc90217e40e367cf55536ffbe20fe95108f74f7bf65d8c8b9186d580f8,guidance-or-prompt
"experiments/tide-marks/storyboard-full-pack/E01-05/chatart-prompt.txt",1980,99a125fc13920307cc31e9f1595727514cf2b64a5f723de1e3f1a318c8679583,guidance-or-prompt
"experiments/tide-marks/storyboard-full-pack/E01-05/f1.png",1930256,3b94a9afd5c43eed10bbbcd465c49a706dc12c0374fa2f870614453fe6659086,visual-evidence
"experiments/tide-marks/storyboard-full-pack/E01-05/f2.png",1856334,213addc38bae2e42b07d8c2b58c76143175e41075310cfc3eb4eb3fcf7c601f3,visual-evidence
"experiments/tide-marks/storyboard-full-pack/E01-05/f3.png",1914321,222dc0166c05fe9507ff1d8347cd34f45a8b3588fbee0ddee724f14dbdeb8ebd,visual-evidence
"experiments/tide-marks/storyboard-full-pack/E01-05/frame-prompts/f1.md",1534,bf92b12f34ef264c0eeb6ce5b8a086caf7c680177f794e07b144f5680b5842cd,guidance-or-prompt
"experiments/tide-marks/storyboard-full-pack/E01-05/frame-prompts/f2.md",1730,38fa8807d290225c851e212473da6333474c5012ff1367d480b65818bf58d4c3,guidance-or-prompt
"experiments/tide-marks/storyboard-full-pack/E01-05/frame-prompts/f3.md",1744,8114ff964a80f619fbf9efb2a8ae9bc89c50178e5e42b78f30f67b31a6f820b2,guidance-or-prompt
"experiments/tide-marks/storyboard-full-pack/E01-05/import.json",2790,8c16036b678d013096fa6e27128bbe262a47f967451a49f81b6e0d89b17a28a5,structured-evidence
"experiments/tide-marks/storyboard-full-pack/E01-05/prompt.md",1291,58892d8d546f99e786b4525d655c6fff4368277a162c3aa0ec30f4e69c42f03d,guidance-or-prompt
"experiments/tide-marks/storyboard-full-pack/E01-06/README.zh-CN.md",1991,455a8e29809396dca5d539ba1f54b93ef9f4db1eca1f304f3e6831ef92df258e,guidance-or-prompt
"experiments/tide-marks/storyboard-full-pack/E01-06/SHOT-VIDEO-FALLBACK.zh-CN.md",1861,151f12aaad4f8bf6a73513f654e9f6fdf216e314c02e36e0fce4c16dc7d6f86f,guidance-or-prompt
"experiments/tide-marks/storyboard-full-pack/E01-06/UPLOAD-ORDER.md",2460,1ceb58521168b04dee8d21b00e109e5735a14fd98f800c33e992d32e60d8738d,guidance-or-prompt
"experiments/tide-marks/storyboard-full-pack/E01-06/chatart-prompt.txt",2298,ab12fd52d259e1a448092dc894102bfdd77fd74dc6ba25337512d051ce132109,guidance-or-prompt
"experiments/tide-marks/storyboard-full-pack/E01-06/f1.png",1543800,d9d184e348cae2d093c5e9655637f25c652e6f08b932bbc34e3fa4be63dff6e2,visual-evidence
"experiments/tide-marks/storyboard-full-pack/E01-06/f2.png",1824005,e0c4b41a268a794da39838f8d868a1c9fada73c07a002e7d4cb1dd4d85c2561c,visual-evidence
"experiments/tide-marks/storyboard-full-pack/E01-06/f3.png",1810705,c381e97d8a4766bb39a07189f4ac5badb07aac1ae2b88da84207b2276944550f,visual-evidence
"experiments/tide-marks/storyboard-full-pack/E01-06/f4.png",1658363,b0afa41efc1a86535cec4cd7f193184a5872f104520b454020c402de864c1f5b,visual-evidence
"experiments/tide-marks/storyboard-full-pack/E01-06/frame-prompts/f1.md",1583,8aedf67ac90223e23fde5bd6378a4d06096aa3c6c1eb718b63b6f700241633cb,guidance-or-prompt
"experiments/tide-marks/storyboard-full-pack/E01-06/frame-prompts/f2.md",1918,234358a1c34e93ac6c6689a37aba3eb66b89f34ba4a2dc001ae9562ec74ae738,guidance-or-prompt
"experiments/tide-marks/storyboard-full-pack/E01-06/frame-prompts/f3.md",1701,2bf0fc55bd312ed494b6a20d32f75a8572299fb902784673dfe47951cfcc955a,guidance-or-prompt
"experiments/tide-marks/storyboard-full-pack/E01-06/frame-prompts/f4.md",1725,95bfd401903d65a51589a9bf978150317a73dfe845a5bf0507460f4279e7d025,guidance-or-prompt
"experiments/tide-marks/storyboard-full-pack/E01-06/import.json",3166,c4d2059e856c462056b9b35ddea7c7ee71cfbe1856111208755994e870d7fed7,structured-evidence
"experiments/tide-marks/storyboard-full-pack/E01-06/prompt.md",1645,4efb556357f150988c590cedbc5c2abc658c5bb67caef9900d243328981fbe74,guidance-or-prompt
"experiments/tide-marks/storyboard-full-pack/E01-07/README.zh-CN.md",2039,157cc66a18a77f645c6ecfed77ec049907d189bff35bded5e468e992f5f4bb35,guidance-or-prompt
"experiments/tide-marks/storyboard-full-pack/E01-07/SHOT-VIDEO-FALLBACK.zh-CN.md",1889,45a1604651bc84cf641e65f7ecf240952bce09cc7cb5b5d810b9a604321ca381,guidance-or-prompt
"experiments/tide-marks/storyboard-full-pack/E01-07/UPLOAD-ORDER.md",2416,76c187acd2fe909e9a9db4edd532c467402293f905fa2db8fbdcfd6372533de2,guidance-or-prompt
"experiments/tide-marks/storyboard-full-pack/E01-07/chatart-prompt.txt",2252,9fbb1af46b173b99853cf29077b7f6e581a7825d120f9be5569518076224c625,guidance-or-prompt
"experiments/tide-marks/storyboard-full-pack/E01-07/f1.png",1693235,358343d64221d4ce7322e27f68ffbc92db686906302468cdcd5f56409766d855,visual-evidence
"experiments/tide-marks/storyboard-full-pack/E01-07/f2.png",1791934,aeebac886a7c23c9f1b33bf70d48b562ee33a5c92125268697b3ab5cf1e37b54,visual-evidence
"experiments/tide-marks/storyboard-full-pack/E01-07/f3.png",2103667,6188fd8308f67364f8cd88c6a6e529988e7b97fea79b71b97e73a995865a4d4a,visual-evidence
"experiments/tide-marks/storyboard-full-pack/E01-07/f4.png",2008657,b5c598bda38e62373bf4eea995bed648ccadb129df29ade113c1675bad789adf,visual-evidence
"experiments/tide-marks/storyboard-full-pack/E01-07/frame-prompts/f1.md",1573,cc8b8307fe6dfac97b4b8815ded71f63e761e002963bb98c66bf325f3f9827ea,guidance-or-prompt
"experiments/tide-marks/storyboard-full-pack/E01-07/frame-prompts/f2.md",1762,a9c3e632053a65ca2b4da9953bc4a46f4cde8deedac9f3fd777f47ea7b6475dd,guidance-or-prompt
"experiments/tide-marks/storyboard-full-pack/E01-07/frame-prompts/f3.md",1895,61c93b0cad7eb28b2a4e6636a3c05c3f648c1a1f201463d2b8c9bdf7ab929899,guidance-or-prompt
"experiments/tide-marks/storyboard-full-pack/E01-07/frame-prompts/f4.md",1932,e0e8861db4215ac56daf1e6442c71a6c5eb5bf45d059f3c4e4e3463de842a131,guidance-or-prompt
"experiments/tide-marks/storyboard-full-pack/E01-07/import.json",3124,4b4c513d24d481ce126558a761fd2f57616aa3d0080b256d1d2d7fb42884c329,structured-evidence
"experiments/tide-marks/storyboard-full-pack/E01-07/prompt.md",1665,085fe3b3331ba32f087925e88bcb43c4059c70e41307eff15919b3cfac9b6dbf,guidance-or-prompt
"experiments/tide-marks/storyboard-full-pack/E01-08/README.zh-CN.md",1945,5f59ad0187fce23c0742ccdf954c34258ed9d81bac0c88b65e2878bd5299b34f,guidance-or-prompt
"experiments/tide-marks/storyboard-full-pack/E01-08/SHOT-VIDEO-FALLBACK.zh-CN.md",1836,c4ef0e5bc02b5cd29910868e4cbcf25739ed7b994d323fdbd0935a69a14f36af,guidance-or-prompt
"experiments/tide-marks/storyboard-full-pack/E01-08/UPLOAD-ORDER.md",2320,38913deb4c2975c70feacead67e27e36e398d1c217d94eee6580e78e0f3d780e,guidance-or-prompt
"experiments/tide-marks/storyboard-full-pack/E01-08/chatart-prompt.txt",2138,8dec99f9520bd6149234cf8a74d3abd15871519f0d3b8c7a52b62136efc85f1f,guidance-or-prompt
"experiments/tide-marks/storyboard-full-pack/E01-08/f1.png",1734424,dc5260b2842980c7fff93d42c35d3e31e6c58938a7d5f5285f7fcf98a88f7c21,visual-evidence
"experiments/tide-marks/storyboard-full-pack/E01-08/f2.png",1830924,bdf3cf262eabfb70ed7a8606da850b5d9871af584507739a917db2222560df3d,visual-evidence
"experiments/tide-marks/storyboard-full-pack/E01-08/f3.png",1573649,c15786a49776bba0b11aa6bccf5e9413761bc321d137b9441293097fb123acc1,visual-evidence
"experiments/tide-marks/storyboard-full-pack/E01-08/f4.png",1924252,f196fab0b101ed0e5a0b9a29a2d872695bec2ffefe2207eb2b0e19e72e8bc771,visual-evidence
"experiments/tide-marks/storyboard-full-pack/E01-08/frame-prompts/f1.md",1487,86d9edcd873629926a5b458db1a29980b5338e10c4ceaf6630a2cda8b4b4780c,guidance-or-prompt
"experiments/tide-marks/storyboard-full-pack/E01-08/frame-prompts/f2.md",1688,3061daf66dc962d478f33b801e1c80413185be815e9f73ca94425494f97ce728,guidance-or-prompt
"experiments/tide-marks/storyboard-full-pack/E01-08/frame-prompts/f3.md",1764,fc508aa30ceca5cebdd318c7d1c1f1a890dea0e6e48859090eabd17d6625dd3c,guidance-or-prompt
"experiments/tide-marks/storyboard-full-pack/E01-08/frame-prompts/f4.md",1914,a32ca4ff0af6da80c5c2471c0b64e91599b4185c69ba6bf3a234ec06a65e9c50,guidance-or-prompt
"experiments/tide-marks/storyboard-full-pack/E01-08/import.json",3028,40bbe879a4115600501196cf4d22ae25199d70d9e74f83706a0ba1eb97eb4704,structured-evidence
"experiments/tide-marks/storyboard-full-pack/E01-08/prompt.md",1602,2d574f6e028e4ce6b7bae7bfe5faeb81878b45b7c7c4c83a776db4bd586d8109,guidance-or-prompt
"experiments/tide-marks/storyboard-full-pack/E01-09/README.zh-CN.md",1912,68bab9b364e40dcd90c5e5de0341ecdf8d2ad260921152692f64da6f68d268fd,guidance-or-prompt
"experiments/tide-marks/storyboard-full-pack/E01-09/SHOT-VIDEO-FALLBACK.zh-CN.md",1817,1b83eeb8239c508093156476fb4d67d9a4af7d17665dbdf2e5728180206b628d,guidance-or-prompt
"experiments/tide-marks/storyboard-full-pack/E01-09/UPLOAD-ORDER.md",2328,779cf2f86481c8be4c03db6f1e573b2b6244c6ffb634235aed3a1f6a51dd96d9,guidance-or-prompt
"experiments/tide-marks/storyboard-full-pack/E01-09/chatart-prompt.txt",2127,0338691e5c97edced00499294388b4f239ec62b352d9b471912503903ea33ae0,guidance-or-prompt
"experiments/tide-marks/storyboard-full-pack/E01-09/f1.png",1987403,95cf95780ddcb94a6a46bcb9e7989f49b225174805b0ef0d4f34948f0675b054,visual-evidence
"experiments/tide-marks/storyboard-full-pack/E01-09/f2.png",2069566,3885b9da43a94aa3f84282658802601719e0eb482431dd2074e026249700166b,visual-evidence
"experiments/tide-marks/storyboard-full-pack/E01-09/f3.png",2214649,1e765fe4c171989c57cff81902ac739a28c53e237333a9a2ec7f5134b2079dcb,visual-evidence
"experiments/tide-marks/storyboard-full-pack/E01-09/f4.png",1843849,d6a53db7b383095260705e6182874373de04ba1b021d503e4d2c7d69134231e6,visual-evidence
"experiments/tide-marks/storyboard-full-pack/E01-09/frame-prompts/f1.md",1507,7dba531bb280d0916d073a79032e5b83d60582bda4acb741c1f21efa7dce9bc9,guidance-or-prompt
"experiments/tide-marks/storyboard-full-pack/E01-09/frame-prompts/f2.md",1746,17cbb04c3a11f9fc511923571c0ae6d4774ef9a58ba25944ad7946856a7ccff3,guidance-or-prompt
"experiments/tide-marks/storyboard-full-pack/E01-09/frame-prompts/f3.md",1902,c00c4d1ff8a906d3f1431efd1b6de9e054b905e83ff4d31fc18e04da0d2ae1c9,guidance-or-prompt
"experiments/tide-marks/storyboard-full-pack/E01-09/frame-prompts/f4.md",1720,b59cda4359593b6119843e8bd9af3e5922fd64b6f744e578cf523efbf5669468,guidance-or-prompt
"experiments/tide-marks/storyboard-full-pack/E01-09/import.json",3032,302894379f76dca768c84cc4deada28952b913f2c26bc92977b34c4b924bc088,structured-evidence
"experiments/tide-marks/storyboard-full-pack/E01-09/prompt.md",1570,537587850db5b5e36abcd1f64867e8702fcd45cba2f86d870d9574e209a95fd8,guidance-or-prompt
"experiments/tide-marks/storyboard-full-pack/E01-10/README.zh-CN.md",1924,3e047bce770ec75c634de0dd05bf16006b99e65418bcea08c65d2b199b4e0912,guidance-or-prompt
"experiments/tide-marks/storyboard-full-pack/E01-10/SHOT-VIDEO-FALLBACK.zh-CN.md",1818,1433eb8cc31c41f27b022bd6a71b5314ccae919fc7d625dbfe05f36292910a00,guidance-or-prompt
"experiments/tide-marks/storyboard-full-pack/E01-10/UPLOAD-ORDER.md",2434,4db3846ecdffc077417d236d38c981a9001b15a71d799d04a4f4db69fe9fa448,guidance-or-prompt
"experiments/tide-marks/storyboard-full-pack/E01-10/chatart-prompt.txt",2296,6f69f600b561d0086f735ef28fe41a927783576e9f19c1eceaea3b17cfe7265e,guidance-or-prompt
"experiments/tide-marks/storyboard-full-pack/E01-10/f1.png",2196815,399432f830bab4e48da9c0536a2046d32eccd23fe3551e0633682554a0daab9d,visual-evidence
"experiments/tide-marks/storyboard-full-pack/E01-10/f2.png",2089040,b7cc438ddd6a5b1f66ae2e92c924d9b698268150c471ad270079f75bbe91fe61,visual-evidence
"experiments/tide-marks/storyboard-full-pack/E01-10/f3.png",2100562,0dd0a75658fca9f78dac4f8304988f59b471664fb74de8c81396f99303c83ee2,visual-evidence
"experiments/tide-marks/storyboard-full-pack/E01-10/f4.png",1817148,c25520e693edc03ab0dc24337a809b3bed7d486f5760c2f4748ef6b02f90ecb5,visual-evidence
"experiments/tide-marks/storyboard-full-pack/E01-10/frame-prompts/f1.md",1525,0694e084d2ee6d1444e11820d6db42e1f18007c872ede05c8f991a9c17b374ab,guidance-or-prompt
"experiments/tide-marks/storyboard-full-pack/E01-10/frame-prompts/f2.md",1932,538c84d25e4bd9f6e38395e28904498f199142c8c836e19d004e45be9b6c3d46,guidance-or-prompt
"experiments/tide-marks/storyboard-full-pack/E01-10/frame-prompts/f3.md",1692,2953f5242270632886f40238287bfb956e0686da05e215fbef158219da2e4f33,guidance-or-prompt
"experiments/tide-marks/storyboard-full-pack/E01-10/frame-prompts/f4.md",1755,7312ed44d08c2d6d1ee7bc243cccf73444b18bad2e7c694feafd4d578c9a3d3a,guidance-or-prompt
"experiments/tide-marks/storyboard-full-pack/E01-10/import.json",3140,942e4c473acdd18aef301c5b347265c1f5c2ad1b1418d3d22729f8837f429d72,structured-evidence
"experiments/tide-marks/storyboard-full-pack/E01-10/prompt.md",1628,a4443849d9c6bca1b58dafb0aba9be7ee011e90cfb7a64648b87e097446bf916,guidance-or-prompt
"experiments/tide-marks/storyboard-full-pack/E02-01/README.zh-CN.md",2279,43380ae174df069d1b470f33dbc537b5012ced3aec90eebad828e1c86bd5c587,guidance-or-prompt
"experiments/tide-marks/storyboard-full-pack/E02-01/SHOT-VIDEO-FALLBACK.zh-CN.md",1992,794cc645cafe32f4508048514c4ae6e11a25fbcd5d7131edd808b7fa1e2f8b7f,guidance-or-prompt
"experiments/tide-marks/storyboard-full-pack/E02-01/UPLOAD-ORDER.md",2591,39d2f5d26f49783289bc8ef0c15b7bc27393e779ddbf851908f969a008102ba6,guidance-or-prompt
"experiments/tide-marks/storyboard-full-pack/E02-01/chatart-prompt.txt",2757,7c923d87cd41be57a364bad64c335c133201843edef2d37683e1de0c51fbe9de,guidance-or-prompt
"experiments/tide-marks/storyboard-full-pack/E02-01/f1.png",2179599,05e7187e929f93b35341f14c96d20dbb868164f300cd36193b7affa35beb23f0,visual-evidence
"experiments/tide-marks/storyboard-full-pack/E02-01/f2.png",2010200,885f26e31cf5ad278b86c32852af85e09f63ddd055401a960bb24d1582dce49d,visual-evidence
"experiments/tide-marks/storyboard-full-pack/E02-01/f3.png",2323646,825507d61ff90986669cddbb960473486af767c0273a91e94e92eb194d665e4b,visual-evidence
"experiments/tide-marks/storyboard-full-pack/E02-01/f4.png",1938077,f981c8f8e6fa6127e12e574ece244fe8cc137e066f64351370e3edc9a22daa9b,visual-evidence
"experiments/tide-marks/storyboard-full-pack/E02-01/frame-prompts/f1.md",2221,5c10f42555fe7cc20d1c738064f8efca47bcaf12421df83608a50fa8a35f4ccf,guidance-or-prompt
"experiments/tide-marks/storyboard-full-pack/E02-01/frame-prompts/f2.md",1772,e6cf5469db9ca6408fcaaf1b33217f2979154463acf1700e408cef76333ba779,guidance-or-prompt
"experiments/tide-marks/storyboard-full-pack/E02-01/frame-prompts/f3.md",2264,c4e158c195e34813672480ab6d29b2424b1efcaf96bbbdcef9fd698edd645e9b,guidance-or-prompt
"experiments/tide-marks/storyboard-full-pack/E02-01/frame-prompts/f4.md",1934,cf315d4779a2671ad2476ceaa9a001bf41766c4e923ab7ed5db64d22e2eccf4e,guidance-or-prompt
"experiments/tide-marks/storyboard-full-pack/E02-01/import.json",3300,e037d015bf93fcf484204856a33dac1c0478a0b8bddc0bfb10542ccd100787b3,structured-evidence
"experiments/tide-marks/storyboard-full-pack/E02-01/prompt.md",2108,cbff8b841aa4d3d241578694ae8b3bc54535558bbdc2a07d0dbf70056d6319ce,guidance-or-prompt
"experiments/tide-marks/storyboard-full-pack/E02-02/README.zh-CN.md",1857,bf4032f79163993dabd406adda0dcc0dbc509542c6034e9f2212c460f363ddf7,guidance-or-prompt
"experiments/tide-marks/storyboard-full-pack/E02-02/SHOT-VIDEO-FALLBACK.zh-CN.md",1627,b4f2da00794df4c2ed80798f84943152ff987f57384fac3a0764abf411fdd68d,guidance-or-prompt
"experiments/tide-marks/storyboard-full-pack/E02-02/UPLOAD-ORDER.md",2198,f57be1e64efbb3149919bbfdba73308a27c6c3aa8bbb50a07da8029fdf73eb2a,guidance-or-prompt
"experiments/tide-marks/storyboard-full-pack/E02-02/chatart-prompt.txt",2337,9b33518b567ec07712073da3f73a5b5b628368fe92cd379c32da4ba97e80d98b,guidance-or-prompt
"experiments/tide-marks/storyboard-full-pack/E02-02/f1.png",2111548,65e545954dd70931ccd2568e2df86cd9156afa6153016572f09ad8f7165f72ad,visual-evidence
"experiments/tide-marks/storyboard-full-pack/E02-02/f2.png",2336347,aec3ad6621218680cc0c4742531c6c07278de0c19e7d18eb95d5a3e2e3d72786,visual-evidence
"experiments/tide-marks/storyboard-full-pack/E02-02/f3.png",2045573,c6832fae5bbbf56800d04dd24c0cb1ad0078c1554da6058ee282277105b42b0e,visual-evidence
"experiments/tide-marks/storyboard-full-pack/E02-02/frame-prompts/f1.md",1557,4606b267507f1decb2b650adb803b8b646032f1ea3faa5999bd84bc1a98334dd,guidance-or-prompt
"experiments/tide-marks/storyboard-full-pack/E02-02/frame-prompts/f2.md",2214,cbd1e7c2e45bcc44bb5d5d322db97b6b649136c286cf5b17e716e79a1d56f352,guidance-or-prompt
"experiments/tide-marks/storyboard-full-pack/E02-02/frame-prompts/f3.md",1918,4d56d5b9bafb06db9ac8b7b62abbeb32e3be16c830b361e57035929d9fc9ebb0,guidance-or-prompt
"experiments/tide-marks/storyboard-full-pack/E02-02/import.json",2750,e0a163f615c57a17a1529b1f94f5f6bc886ac9fd3f66ab9313b77e7c929412c3,structured-evidence
"experiments/tide-marks/storyboard-full-pack/E02-02/prompt.md",1717,9f483df3610be4846d46ce9294a2d21d613d67e44a7bcbd6d88c014f898bc8b2,guidance-or-prompt
"experiments/tide-marks/storyboard-full-pack/E02-03/README.zh-CN.md",2173,5cee0ff5e6c4044f452caea411554f3c5a786b521fb97bea225faec56b1b57d3,guidance-or-prompt
"experiments/tide-marks/storyboard-full-pack/E02-03/SHOT-VIDEO-FALLBACK.zh-CN.md",1828,f675a7b011d8bba661e6299694ae014c398de253b4163d2e84ccaa4655125b3f,guidance-or-prompt
"experiments/tide-marks/storyboard-full-pack/E02-03/UPLOAD-ORDER.md",2558,46cb02d330ba0d565454fec4d3542f23b74d2ce57354c136e4d72b5a1d53066c,guidance-or-prompt
"experiments/tide-marks/storyboard-full-pack/E02-03/chatart-prompt.txt",2805,4e58444475ed7ce3c979ee74c06a89b4a03575193273a44642f4804510ee7868,guidance-or-prompt
"experiments/tide-marks/storyboard-full-pack/E02-03/f1.png",1967363,e174dcab64624dfeb9ae3c4bce6c9d6309d01cb4c3b2332f56790bbab4adffea,visual-evidence
"experiments/tide-marks/storyboard-full-pack/E02-03/f2.png",2083522,b5b6189df266b5d184634ca028d2a0ff19c93cbc918ac654324defcf00d8e111,visual-evidence
"experiments/tide-marks/storyboard-full-pack/E02-03/f3.png",1671240,9134582df0c92d33a75d6a388ca17dbb412e40abe0deac55cd0fdb23d9301560,visual-evidence
"experiments/tide-marks/storyboard-full-pack/E02-03/f4.png",1983443,2035b2a2c13863ea1cc064133579242ba5455a2445309500e0750f6a0566b182,visual-evidence
"experiments/tide-marks/storyboard-full-pack/E02-03/frame-prompts/f1.md",1520,3c5ef83993d2a211f303bdafdf55f677c45010411af12ede0498fe3a8f61b84c,guidance-or-prompt
"experiments/tide-marks/storyboard-full-pack/E02-03/frame-prompts/f2.md",1742,fb3cac363732337d054e6e7db3799802d6d0b3cba1ae7238b4e08d9a2a37b279,guidance-or-prompt
"experiments/tide-marks/storyboard-full-pack/E02-03/frame-prompts/f3.md",1824,344f83602a085b005e0a790bef449c8d76a60a407413aab042f6d82e6b181dfc,guidance-or-prompt
"experiments/tide-marks/storyboard-full-pack/E02-03/frame-prompts/f4.md",1736,43051f2c6ef0b52510fde1a0e526da912670538d6afecaaa288e35e584b83ada,guidance-or-prompt
"experiments/tide-marks/storyboard-full-pack/E02-03/import.json",3265,848554aca5a706bcfa6fbc70e8209d77c8150a3fb662e4a290c325e22a594e17,structured-evidence
"experiments/tide-marks/storyboard-full-pack/E02-03/prompt.md",2153,6c728919577bbd57aefa807fb3b6a00b447d4001a06f78914ca1eb99c5d0952e,guidance-or-prompt
"experiments/tide-marks/storyboard-full-pack/E02-04/README.zh-CN.md",1810,bac16f57ac642745551eab88a880a5bc209a5f3a40dd27f56e4cc2825dd2ea2b,guidance-or-prompt
"experiments/tide-marks/storyboard-full-pack/E02-04/SHOT-VIDEO-FALLBACK.zh-CN.md",1667,4ac5fbe0294d1ec2419fbac4aad50e6c7f0036c32ae77969722a9a37e292e8ce,guidance-or-prompt
"experiments/tide-marks/storyboard-full-pack/E02-04/UPLOAD-ORDER.md",2263,07d862f9cc5fc6c9b71403b7489b037e38472d924b6849e31e2e25e17d981fa3,guidance-or-prompt
"experiments/tide-marks/storyboard-full-pack/E02-04/chatart-prompt.txt",2273,8aa58e9b0c204141e6f24ada5706536ebc9bee338919b3b20fc4b579ad857a34,guidance-or-prompt
"experiments/tide-marks/storyboard-full-pack/E02-04/f1.png",1917097,c410c789a454c1c639b67c0f48c340e85198be09367302e8162672271cc328db,visual-evidence
"experiments/tide-marks/storyboard-full-pack/E02-04/f2.png",1673210,40a74592499e5a58515412d2fd87e5a152bf1353d56398e96c2e6124823197b8,visual-evidence
"experiments/tide-marks/storyboard-full-pack/E02-04/f3.png",1845813,50eccb9c5466ef62aa136fb9381da84173378c1298720e8029587b58322a789d,visual-evidence
"experiments/tide-marks/storyboard-full-pack/E02-04/frame-prompts/f1.md",1792,6dd26ddc508728e2fcb656e3427f1ce869f5053ccda979a9572456d6a23a8eb4,guidance-or-prompt
"experiments/tide-marks/storyboard-full-pack/E02-04/frame-prompts/f2.md",1692,6c8ce4db110332430b8c1de1d8781014e6a7f6720d397cf452b4545d71c9a9b7,guidance-or-prompt
"experiments/tide-marks/storyboard-full-pack/E02-04/frame-prompts/f3.md",1740,f9a37755bb2e9f6f67be09f439fda4e999b92a1c9008f2e416ba88025ec2ebe6,guidance-or-prompt
"experiments/tide-marks/storyboard-full-pack/E02-04/import.json",2817,d1578e3400cfb43de5468c2b9069a286bb9c9786c76d2204f31d2a4363bd46f8,structured-evidence
"experiments/tide-marks/storyboard-full-pack/E02-04/prompt.md",1572,89e30593e4501fcdd9a6a0f2c71d1d9a0cb55f47e0ce53c87561a07861f6234c,guidance-or-prompt
"experiments/tide-marks/storyboard-full-pack/E02-05/README.zh-CN.md",2327,aebfc6b0d8f01c4e56ea45fadc8562ea91ff009cc3a868753fa36280d62ac52b,guidance-or-prompt
"experiments/tide-marks/storyboard-full-pack/E02-05/SHOT-VIDEO-FALLBACK.zh-CN.md",2116,986e3b089fad1fe86083481356167dfe1e01aaf5d82d9c2a0e2edf01abcb9088,guidance-or-prompt
"experiments/tide-marks/storyboard-full-pack/E02-05/UPLOAD-ORDER.md",2676,e35270cc5127a7fca794bf9c062892ee922a054b45ba1f51c7e88ed2f2ad08a2,guidance-or-prompt
"experiments/tide-marks/storyboard-full-pack/E02-05/chatart-prompt.txt",3057,e415edf2488bb8fee510d38a279a59c1b81414f283a404196ee530e3ba4350b1,guidance-or-prompt
"experiments/tide-marks/storyboard-full-pack/E02-05/f1.png",1842642,701853deabb54971568734a0918ed2fdfe0816045d46426da7115d36b4b55b95,visual-evidence
"experiments/tide-marks/storyboard-full-pack/E02-05/f2.png",1857273,fe748844863b781b8de284ecf43d3d802ce553132a88d0a6d50ee92281157730,visual-evidence
"experiments/tide-marks/storyboard-full-pack/E02-05/f3.png",2046838,6b6b87879d2f2a5fcc6a342cebca27aaa45128c915705f9127ef597b585eb945,visual-evidence
"experiments/tide-marks/storyboard-full-pack/E02-05/f4.png",1698575,f9b4fdc27c6d952b125068d2adee81fc9d8976b0ee31959ee528fef5aa8b9c16,visual-evidence
"experiments/tide-marks/storyboard-full-pack/E02-05/f5.png",2137357,38f2582168b4156b16e3060b1d8cf9c56ce9211531a9850647b7bcf69ec0d862,visual-evidence
"experiments/tide-marks/storyboard-full-pack/E02-05/frame-prompts/f1.md",1467,cd628acedc08435cae4040bbd6fdf99c1f62e5b94ae03eb91672571bbe504d02,guidance-or-prompt
"experiments/tide-marks/storyboard-full-pack/E02-05/frame-prompts/f2.md",1747,d870c36a98ff4b4d7de20f476720fe80345015f738e24008576eb8fa2d93e994,guidance-or-prompt
"experiments/tide-marks/storyboard-full-pack/E02-05/frame-prompts/f3.md",2021,b8b2699ee347728db5260502a4f9ee62b2d519cebd5b0a3367c10b8d64b277a6,guidance-or-prompt
"experiments/tide-marks/storyboard-full-pack/E02-05/frame-prompts/f4.md",1691,d21b2634f874d6f1db355148b3a9a30c3725ebe618ad618f50d37250fea8c364,guidance-or-prompt
"experiments/tide-marks/storyboard-full-pack/E02-05/frame-prompts/f5.md",2214,ddf230968e7715fa6256fc3772fadb9e102234061d56d20006f81112294ec2c2,guidance-or-prompt
"experiments/tide-marks/storyboard-full-pack/E02-05/import.json",3544,53d4f9fd030317774e6cf025c5687506092e18076adf306a51bddeeb1233b2c6,structured-evidence
"experiments/tide-marks/storyboard-full-pack/E02-05/prompt.md",2509,4f1fc73adca2867bf8ab52fd91df8dcd73b8e989aac55928645478ef2701012c,guidance-or-prompt
"experiments/tide-marks/storyboard-full-pack/E02-06/README.zh-CN.md",1906,cf0cd55731cb9c2a19d9f1421720ab073de1e546812b337d373d93be8de8329f,guidance-or-prompt
"experiments/tide-marks/storyboard-full-pack/E02-06/SHOT-VIDEO-FALLBACK.zh-CN.md",1824,9b403d76352a5f797baf8bb4015cb227e30f0b553dca6764ece795dffd742332,guidance-or-prompt
"experiments/tide-marks/storyboard-full-pack/E02-06/UPLOAD-ORDER.md",2327,fea654616d2213a0888a3b34e1acaae5c05f3f658281b67b73cc9e188bcb0986,guidance-or-prompt
"experiments/tide-marks/storyboard-full-pack/E02-06/chatart-prompt.txt",2246,6d34369280747709ba981755af443b93467ef0e2d63d332e89c84bde5a92ede0,guidance-or-prompt
"experiments/tide-marks/storyboard-full-pack/E02-06/f1.png",2089736,4678888a9b7171bdebdca9295ece76865ad9c0833b2128b2b3c1f4c8949ebfb4,visual-evidence
"experiments/tide-marks/storyboard-full-pack/E02-06/f2.png",1925483,201b584e1d1d51c2472997e49e87d9b7586e34b58692e0d2762d09153ef7293f,visual-evidence
"experiments/tide-marks/storyboard-full-pack/E02-06/f3.png",1748388,03399336dd9e96f17145b67c910413613ea93fe9211fabf31d5889683d54ced7,visual-evidence
"experiments/tide-marks/storyboard-full-pack/E02-06/f4.png",1870782,8865c568717ff0880bcf3f93ff614001926eef10e18752f75cbeced206569d1f,visual-evidence
"experiments/tide-marks/storyboard-full-pack/E02-06/frame-prompts/f1.md",1893,45fbd1c90c4d36f57aad37f8271d7af547f762f5b3a6ca194afc9f2948a7b91d,guidance-or-prompt
"experiments/tide-marks/storyboard-full-pack/E02-06/frame-prompts/f2.md",1907,c546cad7655002a09e5657e4a75db2dd1923decf8032fa4eefbb4887bcbc7d97,guidance-or-prompt
"experiments/tide-marks/storyboard-full-pack/E02-06/frame-prompts/f3.md",1830,eaae407dc25f7c47026bd284727a87c175a2988dc58ffeb1380f8cdeb42fc431,guidance-or-prompt
"experiments/tide-marks/storyboard-full-pack/E02-06/frame-prompts/f4.md",1640,fa8f1d7603567050811b5c5c8398e426691797a5ffbe89fbb35342ed6a2bde21,guidance-or-prompt
"experiments/tide-marks/storyboard-full-pack/E02-06/import.json",3020,77b76ca609b2a8d3f8014ac5c10bd441be08d498fdd64e99f9665b3033df4880,structured-evidence
"experiments/tide-marks/storyboard-full-pack/E02-06/prompt.md",1691,441dc8e2cbc3da470f5619c74f79c975617d2e77618386520d5fd032e0c41184,guidance-or-prompt
"experiments/tide-marks/storyboard-full-pack/E02-07/README.zh-CN.md",1737,c341913ec547da6bdad76bfeb12f4057d6227233b3818e95be9bd4b1d59c3191,guidance-or-prompt
"experiments/tide-marks/storyboard-full-pack/E02-07/SHOT-VIDEO-FALLBACK.zh-CN.md",1566,bb73b1ffb0a0bdb9d3ffaf69399cc89fbc389037244d11aecd3c20eb56bc81c8,guidance-or-prompt
"experiments/tide-marks/storyboard-full-pack/E02-07/UPLOAD-ORDER.md",2090,0beae5c45bf45afa2ba3f3d3e34ca87cf4dd9526be6e87cbf1a6724aa5889ba7,guidance-or-prompt
"experiments/tide-marks/storyboard-full-pack/E02-07/chatart-prompt.txt",2057,e85ba7af0aaaf0ac29527cbd936ccd099b5c24026b71adbb35e9b0e54d5a26c6,guidance-or-prompt
"experiments/tide-marks/storyboard-full-pack/E02-07/f1.png",1820012,175e0782379f623bb4017f934ddd956a2d33c67752fc069e5499867bf107b735,visual-evidence
"experiments/tide-marks/storyboard-full-pack/E02-07/f2.png",1670883,aaea3072d0fb582e32feda8dc40454b745d8875d67eaf1593cb88915bcc52c48,visual-evidence
"experiments/tide-marks/storyboard-full-pack/E02-07/f3.png",2034205,a03e4a1031b4069f44af3677412cb34a310b0a9b521134160b6b10a9aba791d6,visual-evidence
"experiments/tide-marks/storyboard-full-pack/E02-07/frame-prompts/f1.md",2062,ae948f4dd62396412bb085ab9ee60712e7b42fd0f732fe7199996c985af53010,guidance-or-prompt
"experiments/tide-marks/storyboard-full-pack/E02-07/frame-prompts/f2.md",1696,1385f0d65d2aca7073c1ae1552591b7cf715a659f84a4a129aa5ccb7ad1214be,guidance-or-prompt
"experiments/tide-marks/storyboard-full-pack/E02-07/frame-prompts/f3.md",1852,1a99d764cb5691a34b0007845889cb7c877843b285caa153ca19734280459490,guidance-or-prompt
"experiments/tide-marks/storyboard-full-pack/E02-07/import.json",2624,c5e523e1ccfa89422ccde45c0e16edd1bdd45f9c88760d75c7130ce2098eb5fb,structured-evidence
"experiments/tide-marks/storyboard-full-pack/E02-07/prompt.md",1485,75e4ab8314ef8005e513e377b6cfa7e919a6d7f278586edc6361d300d4dd29e6,guidance-or-prompt
"experiments/tide-marks/storyboard-full-pack/E02-08/README.zh-CN.md",1912,c123db69469a01ca7eb7d654e0741ba5476b70d39b2a802eacd6e481ea19ade7,guidance-or-prompt
"experiments/tide-marks/storyboard-full-pack/E02-08/SHOT-VIDEO-FALLBACK.zh-CN.md",1821,ad57eae2d530592195871a5ea3d6735ce9894ccd101737817d23c25e14d3c1a4,guidance-or-prompt
"experiments/tide-marks/storyboard-full-pack/E02-08/UPLOAD-ORDER.md",2350,e438a1e70b69b08aefd052a9ec4e68a76db56a271c29e17ad6199b421849fd95,guidance-or-prompt
"experiments/tide-marks/storyboard-full-pack/E02-08/chatart-prompt.txt",2352,4932bf5937190789f357227881f9b98f343acd9adb15b251544b6f4724885a47,guidance-or-prompt
"experiments/tide-marks/storyboard-full-pack/E02-08/f1.png",2093316,c1a1df5c806d3b8b85e91e331493986d98edd50bd697a86015a8c4d0a5e1c15e,visual-evidence
"experiments/tide-marks/storyboard-full-pack/E02-08/f2.png",2043144,8266684d90979cd74fe94ed3738c1afa5de4e764aaec82e84ed8fed061b5bcd8,visual-evidence
"experiments/tide-marks/storyboard-full-pack/E02-08/f3.png",1849544,2edc555a912912d7194b40b9a4fa1fa524f5bbfdd6557e5bc63c7334655ffefb,visual-evidence
"experiments/tide-marks/storyboard-full-pack/E02-08/f4.png",1960007,94df43cdd614f28eec01ac04b1a0b651b67706b55f041c0ab415c1d4e17e14f6,visual-evidence
"experiments/tide-marks/storyboard-full-pack/E02-08/frame-prompts/f1.md",1868,3149a84d5e3c406d054c9a7663885746e0ac2c1748510e87f43177d0dec6424a,guidance-or-prompt
"experiments/tide-marks/storyboard-full-pack/E02-08/frame-prompts/f2.md",1903,8d9d6a700dbc5b139bf9285916975fcbba1ef2a2e9403025c8dc5c6de0137aa0,guidance-or-prompt
"experiments/tide-marks/storyboard-full-pack/E02-08/frame-prompts/f3.md",1840,b98554d245b2c462e709f53a4e22048dcf7119e5e0c9676db053921a4b2ea1ad,guidance-or-prompt
"experiments/tide-marks/storyboard-full-pack/E02-08/frame-prompts/f4.md",1904,6146400b11bd8d92b064e617b75f6f665dea298528e22bb9e58bad84e0bc765d,guidance-or-prompt
"experiments/tide-marks/storyboard-full-pack/E02-08/import.json",3041,6cefb4f26bf8f61c55c701830a0ff939b51e067840286f8a4a74aebcdbdc1169,structured-evidence
"experiments/tide-marks/storyboard-full-pack/E02-08/prompt.md",1771,8f661460dea0cf724999cd5bfdc2089ed7fc43b6f9ff7c10f196ef919505af66,guidance-or-prompt
"experiments/tide-marks/storyboard-full-pack/E02-09/README.zh-CN.md",2047,f1a0a0028f97c311972ec84459aa388e49179c59cc4b4a7052da1627b1dd0dfe,guidance-or-prompt
"experiments/tide-marks/storyboard-full-pack/E02-09/SHOT-VIDEO-FALLBACK.zh-CN.md",1723,3068e891c82a259f7860539bc7edb1558945f53490a49fd9cf88e8d9bfaec489,guidance-or-prompt
"experiments/tide-marks/storyboard-full-pack/E02-09/UPLOAD-ORDER.md",2451,b99033deca96863864cac81bb72a156a87c3733d168525c0684c1db8380f0b86,guidance-or-prompt
"experiments/tide-marks/storyboard-full-pack/E02-09/chatart-prompt.txt",2635,2d28ddd072ecab4c2dcf753faa56acf30df11df3cf9e12b9fdaf8bfac37959c8,guidance-or-prompt
"experiments/tide-marks/storyboard-full-pack/E02-09/f1.png",1959198,d80a3ad764fac5066d276e5598f6ca19cda5c9fdf536ec2117ab8342917e5a91,visual-evidence
"experiments/tide-marks/storyboard-full-pack/E02-09/f2.png",2140518,e50b18c21b603bbe155cd5cb288dd04ab808d030e9a9d197318b8d7eed9820d0,visual-evidence
"experiments/tide-marks/storyboard-full-pack/E02-09/f3.png",1985115,0cc78b101d9d9f395111a851c42e9c1ed4632e5f2a013111031591ecdd1d6cd6,visual-evidence
"experiments/tide-marks/storyboard-full-pack/E02-09/frame-prompts/f1.md",1785,40364f1a4d8885e58087651741e8f28eeb2890d190e6e9400fe0d0e45da77455,guidance-or-prompt
"experiments/tide-marks/storyboard-full-pack/E02-09/frame-prompts/f2.md",1889,4ba46172ec29840bc955141f79e0bfc13f1b2057d19676d42c529a400db25d2c,guidance-or-prompt
"experiments/tide-marks/storyboard-full-pack/E02-09/frame-prompts/f3.md",2202,9c2ff680f53a381e733a358084003cc6c727b306d3fd86a035bb526904120291,guidance-or-prompt
"experiments/tide-marks/storyboard-full-pack/E02-09/import.json",2987,47eb30425d7f6f4ecb307ec495ae8f4040d3f3d138b762745013887acc598c92,structured-evidence
"experiments/tide-marks/storyboard-full-pack/E02-09/prompt.md",1868,11dcfa66fdc60fbe0b48bf3cd31e424134c1a0ae71d485ac5a68671ef3eb44ce,guidance-or-prompt
"experiments/tide-marks/storyboard-full-pack/E02-10/README.zh-CN.md",1984,f55a80e70e1dc5b4a097241074766d856a2e46979d1da3814f95e96ea8617f81,guidance-or-prompt
"experiments/tide-marks/storyboard-full-pack/E02-10/SHOT-VIDEO-FALLBACK.zh-CN.md",1702,82a053e5f4003d672f94625d45b0efd686ef0b3a3cf6b5efd470f6024713d823,guidance-or-prompt
"experiments/tide-marks/storyboard-full-pack/E02-10/UPLOAD-ORDER.md",2645,b0df44ec6430e6cc6854414ce7461f61cf926c421cedf878b201de810f5209a0,guidance-or-prompt
"experiments/tide-marks/storyboard-full-pack/E02-10/chatart-prompt.txt",2829,5645a6e8b90a20cdc9498c3184a9f619c4d27f33e1f6d7bec9164b918d4990c5,guidance-or-prompt
"experiments/tide-marks/storyboard-full-pack/E02-10/f1.png",1965463,5d9bd9c9c7c56090d8712a582d01154d2fe46d2e7fc8c65b3fd469312ef3e786,visual-evidence
"experiments/tide-marks/storyboard-full-pack/E02-10/f2.png",1820832,f5450f5b9b92ca0dba62e2967f64c4ab9e2ab79bad17372c730171fc8cfcf836,visual-evidence
"experiments/tide-marks/storyboard-full-pack/E02-10/f3.png",2173979,22526839a561ce416d4581d61070d19498a13579ea0b9c252659963501a9d536,visual-evidence
"experiments/tide-marks/storyboard-full-pack/E02-10/frame-prompts/f1.md",1757,137be64dde0cd6c6f30ece66c3ea7a9aec1dad551edcc26888b5ead5c9ad497a,guidance-or-prompt
"experiments/tide-marks/storyboard-full-pack/E02-10/frame-prompts/f2.md",1658,b8f2759c172e16414ce8d02bffd6fdad30e1607d28b08c3df89fd94d5a656ed7,guidance-or-prompt
"experiments/tide-marks/storyboard-full-pack/E02-10/frame-prompts/f3.md",2004,220871ee7ddca1410ffd232d2a9bbb94c9ee1cf5b027ef08fe0c9bf513d26d9b,guidance-or-prompt
"experiments/tide-marks/storyboard-full-pack/E02-10/import.json",3179,6506a05db9c1669a68a9605cc2cac0b23010adacb541ab34d5c2012e4b327bb5,structured-evidence
"experiments/tide-marks/storyboard-full-pack/E02-10/prompt.md",1838,95e80674f3d20a7a80968fce228019f267e9a399f356673f52f3dcabd7127133,guidance-or-prompt
"experiments/tide-marks/storyboard-full-pack/E03-01/README.zh-CN.md",2583,c550f1860bf5d3dbce8ab4c36a4b99f77a7777e581d517df8284f4d1f17023b9,guidance-or-prompt
"experiments/tide-marks/storyboard-full-pack/E03-01/SHOT-VIDEO-FALLBACK.zh-CN.md",1938,c7cf244a136ba4b227bb8adcacc10e849115fa1ec755f720b24e2e9fcd1cb1b3,guidance-or-prompt
"experiments/tide-marks/storyboard-full-pack/E03-01/UPLOAD-ORDER.md",3009,aab2d081bef59ef99309106e7859ca825a5a6532cb9b8919e71d6e375d8cde75,guidance-or-prompt
"experiments/tide-marks/storyboard-full-pack/E03-01/chatart-prompt.txt",3505,a80896d58b98cfe2774dd18b0eb515daec1868d2cf300899e686f143d7bee641,guidance-or-prompt
"experiments/tide-marks/storyboard-full-pack/E03-01/f1.png",1884864,451a2bce7aa0b8f703ad836e313fd7795825066f69b2bb4122ebdae8cccca936,visual-evidence
"experiments/tide-marks/storyboard-full-pack/E03-01/f2.png",2067403,69beb2299fe5bb911b79e6dae7f68786cba57c4b50a4c3ce5a51292473a72df7,visual-evidence
"experiments/tide-marks/storyboard-full-pack/E03-01/f3.png",2138095,404bb7039918587f599158a36de8d9d76b24f306b81324a1b7080757eed50655,visual-evidence
"experiments/tide-marks/storyboard-full-pack/E03-01/frame-prompts/f1.md",2185,b9a765dda1bac6086944708351d4eb7d9ee4a63e2c89e9ebbc8aa95d6b2fa74e,guidance-or-prompt
"experiments/tide-marks/storyboard-full-pack/E03-01/frame-prompts/f2.md",2274,acd531cc54f099a0749ff043ea1244c948dad8422686bf3f64d007cdf66a47b4,guidance-or-prompt
"experiments/tide-marks/storyboard-full-pack/E03-01/frame-prompts/f3.md",2245,0b81c2427a5af5873b6f3073b46f342704232f2c72b716ee3982ff3949099ce0,guidance-or-prompt
"experiments/tide-marks/storyboard-full-pack/E03-01/import.json",3543,313a4d74e71649d30439bea01202fde3de94bc673ba79d05a9b207c1a482c876,structured-evidence
"experiments/tide-marks/storyboard-full-pack/E03-01/prompt.md",2457,ddaa25b4dfce961f457fd06bc410685d225ba115a37494b8e803836a9e08ab48,guidance-or-prompt
"experiments/tide-marks/storyboard-full-pack/E03-02/README.zh-CN.md",1993,ba1ac3feffb7ef68d47e46ebe07f7d37b1dbcde699326141a6b2484c55b9aa12,guidance-or-prompt
"experiments/tide-marks/storyboard-full-pack/E03-02/SHOT-VIDEO-FALLBACK.zh-CN.md",1654,172d7424a46f1167a69ae1f16f35d2dc7dfa34c0db3fe75ac8bb1a9a37ea1136,guidance-or-prompt
"experiments/tide-marks/storyboard-full-pack/E03-02/UPLOAD-ORDER.md",2547,af220e449b774a9f3d8a4ae8528c0d231eb79a65d213582a54ee1ad16f5f38b6,guidance-or-prompt
"experiments/tide-marks/storyboard-full-pack/E03-02/chatart-prompt.txt",3059,8a19f794d075ce377b369d9eeb14d69eeb4dde7c0950e127b7daf9abe25bb871,guidance-or-prompt
"experiments/tide-marks/storyboard-full-pack/E03-02/f1.png",1998019,723c8541da2540fb1d7ac418dcd999ea9506413a6d5a48a7be4357b8ca2817ef,visual-evidence
"experiments/tide-marks/storyboard-full-pack/E03-02/f2.png",2167916,efd783406a30d1ea0d5d63e5d39c19379c06e9c783a7f6680a47cb87f3a25298,visual-evidence
"experiments/tide-marks/storyboard-full-pack/E03-02/f3.png",1930478,1384d60bc6115907915658a7f32f0a862aba99255d5ff5f71057ef9c796b3171,visual-evidence
"experiments/tide-marks/storyboard-full-pack/E03-02/frame-prompts/f1.md",1838,699c59a11b08fc2b15d9f8956194d1bed0e11d7a04b2f438bc3136b1b73a91a5,guidance-or-prompt
"experiments/tide-marks/storyboard-full-pack/E03-02/frame-prompts/f2.md",2251,be706b1890f1203469e7fd039bafce8f2302874d91ddfcce34d827832a97160b,guidance-or-prompt
"experiments/tide-marks/storyboard-full-pack/E03-02/frame-prompts/f3.md",1965,c010ff4d0ae1d05f569fffd5424b1f0eae15a19e03598bb0f601271c90b60eb2,guidance-or-prompt
"experiments/tide-marks/storyboard-full-pack/E03-02/import.json",3081,63b70c3817e7d5538bf52dc0f6aa6c5805bdaed60c903bea6c1e4bcba4e8cf7b,structured-evidence
"experiments/tide-marks/storyboard-full-pack/E03-02/prompt.md",2178,dbc7c9d2e403ff5610632d5460dd16cb340b871b175ff4b90b1c98b018c847ca,guidance-or-prompt
"experiments/tide-marks/storyboard-full-pack/E03-03/README.zh-CN.md",2028,66ba8393b4b07511a09bfa5510a8101f6a5cd6d1174cf261ec59daff9a02c5e7,guidance-or-prompt
"experiments/tide-marks/storyboard-full-pack/E03-03/SHOT-VIDEO-FALLBACK.zh-CN.md",1650,5862f9400029628e296363d02f6c265ec98730f6289bbd0f06884452701be484,guidance-or-prompt
"experiments/tide-marks/storyboard-full-pack/E03-03/UPLOAD-ORDER.md",2431,ec778a7c472fa1396c99cb2e5cadff947a04995d57dcdf98a78ffc1820344d2f,guidance-or-prompt
"experiments/tide-marks/storyboard-full-pack/E03-03/chatart-prompt.txt",3084,2bbfaaa0cd43c58e10afc824e22138d84a7ce6842d9a19781342487978f24e17,guidance-or-prompt
"experiments/tide-marks/storyboard-full-pack/E03-03/f1.png",2199014,c30e53533e81494ec5b2dc79165fe74fd5089480423a5a9c959b252050d5af08,visual-evidence
"experiments/tide-marks/storyboard-full-pack/E03-03/f2.png",2083343,3f67e8e263184b7c2d7a0ec2233573ba94261afaf128358a5e7f9bcefbd94c35,visual-evidence
"experiments/tide-marks/storyboard-full-pack/E03-03/f3.png",1755779,3653e539ee4f779d5199b837587658e17500890e05a1ad0f2469af4a078ce0cc,visual-evidence
"experiments/tide-marks/storyboard-full-pack/E03-03/frame-prompts/f1.md",2106,2f98d7e3e246eb913c44962a3a28d56aa1cc85843ebf879397a3aa2118658432,guidance-or-prompt
"experiments/tide-marks/storyboard-full-pack/E03-03/frame-prompts/f2.md",2040,4b49194dfba5c2dcad1b53bbd28328f4de88692cc551babea8a2d6853e8175ec,guidance-or-prompt
"experiments/tide-marks/storyboard-full-pack/E03-03/frame-prompts/f3.md",2461,ada8d3647716cf3830c38812b4f98aecd3dba877bdd84041911a34201b08a570,guidance-or-prompt
"experiments/tide-marks/storyboard-full-pack/E03-03/import.json",2965,f4645925c57131dae5452a53987f7528260144e86eaa87d902523610004aa2f3,structured-evidence
"experiments/tide-marks/storyboard-full-pack/E03-03/prompt.md",2326,589c6d10584a7a8eeab663f8e23f49ab2ade8012f4cbbe68e9477b6403386cdf,guidance-or-prompt
"experiments/tide-marks/storyboard-full-pack/E03-04/README.zh-CN.md",1987,c5ae52ea4e954d49c72553cead082d16863d36e053fc2bac248cc8d3b75004ff,guidance-or-prompt
"experiments/tide-marks/storyboard-full-pack/E03-04/SHOT-VIDEO-FALLBACK.zh-CN.md",1705,c5928231551ca95e3eb2fcb4f5ed1497c60048620c0c2af7a5e0ef7044342770,guidance-or-prompt
"experiments/tide-marks/storyboard-full-pack/E03-04/UPLOAD-ORDER.md",2418,690abb84dc131728bc9d9148504fec08349c3b2238789c5e973d91478f020184,guidance-or-prompt
"experiments/tide-marks/storyboard-full-pack/E03-04/chatart-prompt.txt",2916,6975f34e054f50bd84c49a4fa4a51a8f1a2a5d841494cdb152422639488ec7bf,guidance-or-prompt
"experiments/tide-marks/storyboard-full-pack/E03-04/f1.png",1908728,e97f807dbb4ac10535f7556258f5cdeee4d64b54ef7016ac439f35cbda1d22b6,visual-evidence
"experiments/tide-marks/storyboard-full-pack/E03-04/f2.png",1880223,ed8e6274991b44215ce87d7ba4e1acbf35dfdbb79a52c42da978ebc9d5082fdc,visual-evidence
"experiments/tide-marks/storyboard-full-pack/E03-04/f3.png",1731089,4b7fdae7968bc8d290609f48e4780370f1952ef01d451c6bda455127a615a827,visual-evidence
"experiments/tide-marks/storyboard-full-pack/E03-04/frame-prompts/f1.md",2018,341dc505c4efbe736cc22835c327dc1513994809b00f415aded88b8680234a15,guidance-or-prompt
"experiments/tide-marks/storyboard-full-pack/E03-04/frame-prompts/f2.md",1994,0bf0e3e4a7b2921e021c983a41df4ad30c0d1f564a5b92971e5c6269bfcd9ee0,guidance-or-prompt
"experiments/tide-marks/storyboard-full-pack/E03-04/frame-prompts/f3.md",2045,344c212f8f13f55318b2aef02b61535a98e36a57ff9d744b7340fe11687f937e,guidance-or-prompt
"experiments/tide-marks/storyboard-full-pack/E03-04/import.json",2954,d380125ffc46d2592ed1e9453444235cccc03b81022e523f259254ab6f4ef19d,structured-evidence
"experiments/tide-marks/storyboard-full-pack/E03-04/prompt.md",2164,e549242d08b093cffdae08ddeb37677189ae48aa325edd118ca3539ff21dc1f0,guidance-or-prompt
"experiments/tide-marks/storyboard-full-pack/E03-05/README.zh-CN.md",1699,b9d324b8ed0edfcfee7026741680455fc7ac7626b824c47cbaa094e4284f4116,guidance-or-prompt
"experiments/tide-marks/storyboard-full-pack/E03-05/SHOT-VIDEO-FALLBACK.zh-CN.md",1537,6d8e5d771779241a667b7901a8919d388f1127f9e74c1380680c7e634d890b37,guidance-or-prompt
"experiments/tide-marks/storyboard-full-pack/E03-05/UPLOAD-ORDER.md",2225,0653e9ba467d9f3468b4d7af7404f7c330b86be29370691d92f3588d6467384a,guidance-or-prompt
"experiments/tide-marks/storyboard-full-pack/E03-05/chatart-prompt.txt",2439,c5a6e45e30ff15f9f6c18e49b1dd28f6ae76d4356966cebdf35fc58fb9cefca1,guidance-or-prompt
"experiments/tide-marks/storyboard-full-pack/E03-05/f1.png",2291864,a7119877b66f4baee135a61366fc1c5780b8e8d40a7f47ea825b7dc6ee46e24a,visual-evidence
"experiments/tide-marks/storyboard-full-pack/E03-05/f2.png",2250862,d27f3c704cd259e4725409e30b5b9abab248cdc936fe5c5b03a3a92fa40b9546,visual-evidence
"experiments/tide-marks/storyboard-full-pack/E03-05/frame-prompts/f1.md",1940,0fcf1c539d9a6d349f4b6bf715e73540557ac199a60040f20cbb4139c1a47e34,guidance-or-prompt
"experiments/tide-marks/storyboard-full-pack/E03-05/frame-prompts/f2.md",2438,63eab74c36789f178e8be4906e6c401cf378d3d3570c171ec0d002bf78fece25,guidance-or-prompt
"experiments/tide-marks/storyboard-full-pack/E03-05/import.json",2606,24946f291440f1f84b940c7bce06f82cfed3dc823711fc3408a1b1620092fff0,structured-evidence
"experiments/tide-marks/storyboard-full-pack/E03-05/prompt.md",1573,22031a9791c03ec1f002f4944600c9663a640992f1d840130b102877957f1256,guidance-or-prompt
"experiments/tide-marks/storyboard-full-pack/E03-06/README.zh-CN.md",1948,fe7efd725b44fd6d116bad7f660fca5117ea99c25f9f2f3e8d4459993714d1e2,guidance-or-prompt
"experiments/tide-marks/storyboard-full-pack/E03-06/SHOT-VIDEO-FALLBACK.zh-CN.md",1751,2050b934f9c3467d13aaf1b5d29f3060173c8f347fda69c42b388d714b1731ac,guidance-or-prompt
"experiments/tide-marks/storyboard-full-pack/E03-06/UPLOAD-ORDER.md",2396,faa9769650f50880faf0ae7cc1ae14b328858623285e88b8e188965715450c46,guidance-or-prompt
"experiments/tide-marks/storyboard-full-pack/E03-06/chatart-prompt.txt",2763,5094385693e7309f322166d2eef4a3eab1faa76b7a4d23755330d08562dab2fb,guidance-or-prompt
"experiments/tide-marks/storyboard-full-pack/E03-06/f1.png",2034916,3696a94743489587f7b21bdbafcaae5a3a41dd6b41ed61d38501c4d19b6ced8d,visual-evidence
"experiments/tide-marks/storyboard-full-pack/E03-06/f2.png",1678805,033ee80fe90f827e1e1f290cc18c338b526b5394a49ecc3140b5f63849b6f1cc,visual-evidence
"experiments/tide-marks/storyboard-full-pack/E03-06/f3.png",1773503,258125f27f5a278bf2cb56d1e3562b6375fbf96231fcb868ebeff66e99aef166,visual-evidence
"experiments/tide-marks/storyboard-full-pack/E03-06/frame-prompts/f1.md",1735,6d1e65280de8cc13a5a25d6617cf556100be542eaaa4068d7fc7c7a8a05a4e1f,guidance-or-prompt
"experiments/tide-marks/storyboard-full-pack/E03-06/frame-prompts/f2.md",2609,58f7c6c4abe9a2c1ec35caef7428956bf95fa3a6857d17f90a4401e1fb13f3f4,guidance-or-prompt
"experiments/tide-marks/storyboard-full-pack/E03-06/frame-prompts/f3.md",2042,5a4a823b1f4583663c710ea0fad94979ad190b2241da38577ffb0599bafe9e0c,guidance-or-prompt
"experiments/tide-marks/storyboard-full-pack/E03-06/import.json",2932,c77fd0c6b4cd760643323e5369e15bb165c9e867dca2cd044d5548de2bd58905,structured-evidence
"experiments/tide-marks/storyboard-full-pack/E03-06/prompt.md",2004,584e3b1f4f33b4e94e0388877446ef4815bfc9f25f4e3d1e9e080b4b6983f132,guidance-or-prompt
"experiments/tide-marks/storyboard-full-pack/E03-07/README.zh-CN.md",2150,cc1b31b080080a2b626dd4c08ecb307a2e98821bcf1f453e09c7489209fe4398,guidance-or-prompt
"experiments/tide-marks/storyboard-full-pack/E03-07/SHOT-VIDEO-FALLBACK.zh-CN.md",1929,2b0c17d8065efa22063b1374e7ed08f7f46b070226c2e81cd076e6311fe632a1,guidance-or-prompt
"experiments/tide-marks/storyboard-full-pack/E03-07/UPLOAD-ORDER.md",2544,e9186b7ba5f18924ed401f508edb2cf3ed466ad34dec1ba3f665579ad57a2846,guidance-or-prompt
"experiments/tide-marks/storyboard-full-pack/E03-07/chatart-prompt.txt",3129,6446e1fa6afc7363de835e4a84bc4e1c8dd41f7742a440f7e0dad5a29f110527,guidance-or-prompt
"experiments/tide-marks/storyboard-full-pack/E03-07/f1.png",2214287,6c6a817e1bcaa43f6be682006b6ae43dc7cd41b50b8ae0157f63bc95bda28e97,visual-evidence
"experiments/tide-marks/storyboard-full-pack/E03-07/f2.png",1903730,63ce85c3dd03884d78cc5ab3bc418c6f3c3c1478898a3013e170f46878372661,visual-evidence
"experiments/tide-marks/storyboard-full-pack/E03-07/f3.png",2122942,53b0a913f762fa731684832000374cad8df03a739b18cc295ae6d43813bc2b29,visual-evidence
"experiments/tide-marks/storyboard-full-pack/E03-07/f4.png",2065175,7261b8e46371529d4b269e2f3937073754ed4b67c932060b2e22f6686bbcb7cd,visual-evidence
"experiments/tide-marks/storyboard-full-pack/E03-07/frame-prompts/f1.md",1976,b0aee7bb03bbcbc464ad1fc63aea804be2440117851f50770229c094335af569,guidance-or-prompt
"experiments/tide-marks/storyboard-full-pack/E03-07/frame-prompts/f2.md",1888,9aa3a8d7aa6f5e9d90932431fc1029b3f819c37d8442cd883fd12ea5d4fc529b,guidance-or-prompt
"experiments/tide-marks/storyboard-full-pack/E03-07/frame-prompts/f3.md",2222,b06aa38bdc633da82c8357dab639d13adb339fa79ae32ef3686d83c06c278fab,guidance-or-prompt
"experiments/tide-marks/storyboard-full-pack/E03-07/frame-prompts/f4.md",2140,3e6e4fac3e172fd9ba34ee527ca112a0a2276f7531856b749673e2dd039ea5ca,guidance-or-prompt
"experiments/tide-marks/storyboard-full-pack/E03-07/import.json",3255,b6d88bf490aff0deca6527e8656306532bc7cefedcf6e949cc738c61021d56e1,structured-evidence
"experiments/tide-marks/storyboard-full-pack/E03-07/prompt.md",2464,e5e594785c6562382974e53db9f5b3c2347c865477200bbd36405bd9c1feaf73,guidance-or-prompt
"experiments/tide-marks/storyboard-full-pack/E03-08/README.zh-CN.md",2247,5a1dec8580aa8bbebc6c36e56018f7cbf777b0861d0f78879e232ac553d2ad33,guidance-or-prompt
"experiments/tide-marks/storyboard-full-pack/E03-08/SHOT-VIDEO-FALLBACK.zh-CN.md",1978,75147605aa8b3aaa40ef363731dbfa33ef02506aba755a0615d44c837cb2d175,guidance-or-prompt
"experiments/tide-marks/storyboard-full-pack/E03-08/UPLOAD-ORDER.md",2647,cd29a79b8b54880121eb8e61c07214c41229ae7378cf1c24fab52d2784eb6cac,guidance-or-prompt
"experiments/tide-marks/storyboard-full-pack/E03-08/chatart-prompt.txt",3220,ac4f7c375f2769c343aa3711c78c5540506dc630d166a589b4c17937d85781c7,guidance-or-prompt
"experiments/tide-marks/storyboard-full-pack/E03-08/f1.png",1901112,63939bd15aaa46f13c5238c80fdfb1a6a10027cfe3412f5483ddd8bf5fbe3581,visual-evidence
"experiments/tide-marks/storyboard-full-pack/E03-08/f2.png",2013229,f3d3d2f140e356dd84d380caf90440fe5e37f6fa2397a706c60e2078d2698a56,visual-evidence
"experiments/tide-marks/storyboard-full-pack/E03-08/f3.png",1901526,ad3de1a82eb8d5a2df644040d17a8d1fba77ea37f32642e8fdfd2656862277f2,visual-evidence
"experiments/tide-marks/storyboard-full-pack/E03-08/f4.png",1902506,c96ecab477a484059fa1314de80a7d08a3cd4783dde8cd54cac400eaaa5227e7,visual-evidence
"experiments/tide-marks/storyboard-full-pack/E03-08/frame-prompts/f1.md",1925,25a74a796b0e55fd8fa1c67eb3cc4c760b1f2699367b5a98860748942e0ce5a7,guidance-or-prompt
"experiments/tide-marks/storyboard-full-pack/E03-08/frame-prompts/f2.md",1901,b86b351ec48553c409c1cb2a3cfc2ef94dec8c3088a6f8812eea8f3dec84ff46,guidance-or-prompt
"experiments/tide-marks/storyboard-full-pack/E03-08/frame-prompts/f3.md",2364,2c566785e7b77ae84a1cd0c98939374b8b6551c6003c64b5d0dc5362ac6733b3,guidance-or-prompt
"experiments/tide-marks/storyboard-full-pack/E03-08/frame-prompts/f4.md",2646,0ca702dd33377eb91e75639508d54522682f2aee2f1458f31e6064bdee1afc5c,guidance-or-prompt
"experiments/tide-marks/storyboard-full-pack/E03-08/import.json",3358,f145b4c661c423d513c8a1949b57c930ea217012e8b5ff9292e2bb2e5b217e38,structured-evidence
"experiments/tide-marks/storyboard-full-pack/E03-08/prompt.md",2499,3acb50ddcca69d0f07b7058fba304689eefd796b530581607d69e3a77d19c530,guidance-or-prompt
"experiments/tide-marks/storyboard-full-pack/E03-09/README.zh-CN.md",2382,9c5d8442138c96a04e09871adf5d26b1ab3a7234ccc5ea1d6c4754a5ed2010ac,guidance-or-prompt
"experiments/tide-marks/storyboard-full-pack/E03-09/SHOT-VIDEO-FALLBACK.zh-CN.md",2051,01230346d0b236a0579660174493384340ecf3309ac8394424e0a541bc5341ac,guidance-or-prompt
"experiments/tide-marks/storyboard-full-pack/E03-09/UPLOAD-ORDER.md",2726,86cd90e9876b12d0ee299be68db21e2d1a6cf177f360af6edb2877f995d2b433,guidance-or-prompt
"experiments/tide-marks/storyboard-full-pack/E03-09/chatart-prompt.txt",2956,fba2cc455182cfa644c577ff8aff7f437c0fcce1703c9d9d5511f71415ba32ea,guidance-or-prompt
"experiments/tide-marks/storyboard-full-pack/E03-09/f1.png",1883293,10b8016451e3a9c6dbff8b13d08671f2defcf2d45847bf27cb32bfe5a397c155,visual-evidence
"experiments/tide-marks/storyboard-full-pack/E03-09/f2.png",1958101,df722fb1d5c440e1bbaef2ba7916aec7ad4f3be24237287b84558bc065489109,visual-evidence
"experiments/tide-marks/storyboard-full-pack/E03-09/f3.png",2037468,0166f2a1e2d3fd84039f670bab60456f3bbfc9c9e6d372cbabb9f29c8c890993,visual-evidence
"experiments/tide-marks/storyboard-full-pack/E03-09/f4.png",1851236,8d9c5ef0c911d1fbfdaaea63dcd34da6c8224609183bf44622e6c616e6fbc63e,visual-evidence
"experiments/tide-marks/storyboard-full-pack/E03-09/frame-prompts/f1.md",1787,b30f115bdffa788ab0ab3e4fb342a2a3591dcc33c357abffb70f17786626e0a4,guidance-or-prompt
"experiments/tide-marks/storyboard-full-pack/E03-09/frame-prompts/f2.md",2512,1d5786eec3e460993674f9399334874cb5f257bc2594806e488e507a9ed13264,guidance-or-prompt
"experiments/tide-marks/storyboard-full-pack/E03-09/frame-prompts/f3.md",2316,ab715713bb99685f88ae92816b5da94ee63085fb74fdcb5a9b1c33204159cc2d,guidance-or-prompt
"experiments/tide-marks/storyboard-full-pack/E03-09/frame-prompts/f4.md",1931,2710870c691d9f87ad77f1d26cb5756f7657bcfb96e36ad6b500c4ebc17343c1,guidance-or-prompt
"experiments/tide-marks/storyboard-full-pack/E03-09/import.json",3437,8a76d251c6689ac8ae754b91010b60fb6fab6e25b2b94341a9a8ed88538582e9,structured-evidence
"experiments/tide-marks/storyboard-full-pack/E03-09/prompt.md",2223,826899d01ce1e59511a25c91153d83d497326ec8ac9d19f1a888e0061fc9ef85,guidance-or-prompt
"experiments/tide-marks/storyboard-full-pack/E03-10/README.zh-CN.md",2051,deb4cbe0a8f06469711d0a4cd95da2a644503507c60040785852f08efe0127fc,guidance-or-prompt
"experiments/tide-marks/storyboard-full-pack/E03-10/SHOT-VIDEO-FALLBACK.zh-CN.md",1794,f045f86c5420f46239f4d1b12f34802451b1a40d5c3b2894eee45604d2e9ff56,guidance-or-prompt
"experiments/tide-marks/storyboard-full-pack/E03-10/UPLOAD-ORDER.md",2758,cbc1aa31aadd0e4fc686735813d8a1bd6d47427a48b46ceba89e12599371bf95,guidance-or-prompt
"experiments/tide-marks/storyboard-full-pack/E03-10/chatart-prompt.txt",3524,87c713dfdf86597fd4eb02e06de14ef5db5b9517fefa5b1ef9a8ae6d4d95a843,guidance-or-prompt
"experiments/tide-marks/storyboard-full-pack/E03-10/f1.png",2223834,890c839586953982c258e809d3c196b13e605dc70097efb2fa55a98274e6264c,visual-evidence
"experiments/tide-marks/storyboard-full-pack/E03-10/f2.png",1899174,1831e808fb54a3e40105f64ed4e9f8278dc8c2fa379b2c8bc9857d78ea65fae1,visual-evidence
"experiments/tide-marks/storyboard-full-pack/E03-10/f3.png",2086451,bbf645157562282fb6d91ff4f51392393536b4ef0d1e670abb3e77965ada23c4,visual-evidence
"experiments/tide-marks/storyboard-full-pack/E03-10/frame-prompts/f1.md",1876,c0463c8e05e25ebf24084418afc7914e5909842f20ad78e009961ba10162dbfa,guidance-or-prompt
"experiments/tide-marks/storyboard-full-pack/E03-10/frame-prompts/f2.md",2028,06d927ef44b3598a6f1c206dbb02b96c3241a529a633bc07970cd622bc0f0266,guidance-or-prompt
"experiments/tide-marks/storyboard-full-pack/E03-10/frame-prompts/f3.md",2521,112adab89b83e878858ba1faf2ea3c92750dcfafefb319c83bc4184781c72cea,guidance-or-prompt
"experiments/tide-marks/storyboard-full-pack/E03-10/import.json",3312,504f8d02fc768488a57868f73a54c2ba028ffd1d0eff89b87ef9274ba809a2af,structured-evidence
"experiments/tide-marks/storyboard-full-pack/E03-10/prompt.md",2444,b0336bc56fa2836523b0dac9bb23809d6f30302882b17753cf63d5c92a91793a,guidance-or-prompt
"experiments/tide-marks/storyboard-full-pack/E04-01/README.zh-CN.md",2515,0874506783d71311a6d5da4d2591cb53b8ac9a9e075ec8f9d0e8cfb7de8dee58,guidance-or-prompt
"experiments/tide-marks/storyboard-full-pack/E04-01/SHOT-VIDEO-FALLBACK.zh-CN.md",1951,84a40376e205c51c8d3d0aa7e8077d838477b48c07be45779e5db1310fd4f35b,guidance-or-prompt
"experiments/tide-marks/storyboard-full-pack/E04-01/UPLOAD-ORDER.md",3070,956b6f64e41aecf83ad3f9cb3ccb5c94578413acc0be263981707e0bfbe61076,guidance-or-prompt
"experiments/tide-marks/storyboard-full-pack/E04-01/chatart-prompt.txt",3632,2165e9367533837ee3ec195f6ae87477d102a04142ce3d80c1bd8498b8b00ed6,guidance-or-prompt
"experiments/tide-marks/storyboard-full-pack/E04-01/f1.png",2167256,eeff82f6559c082e5bf366860640d7a6302848a8f79c0d971b62d11949141fc1,visual-evidence
"experiments/tide-marks/storyboard-full-pack/E04-01/f2.png",1956968,310720a7f1660d8db1743eace37106696e016884ee1945aa4eae549e3df12525,visual-evidence
"experiments/tide-marks/storyboard-full-pack/E04-01/f3.png",2090383,13fbf58631e11fafd07801d41bfc7a5d63abd228091d43fcc4face973569a330,visual-evidence
"experiments/tide-marks/storyboard-full-pack/E04-01/frame-prompts/f1.md",2684,78f4f4352d1b8624a5803467ff85c862168bf46a771236827774a019a4e14e27,guidance-or-prompt
"experiments/tide-marks/storyboard-full-pack/E04-01/frame-prompts/f2.md",2156,3a898ef52b754017f54057df95583049ac91019fda378d3dcf6fbe4cd1a99568,guidance-or-prompt
"experiments/tide-marks/storyboard-full-pack/E04-01/frame-prompts/f3.md",2525,fb8a90cac41c3a97886c2fe72f9a1196925518f49e5b583a972ea78b3153eb93,guidance-or-prompt
"experiments/tide-marks/storyboard-full-pack/E04-01/import.json",3606,71cd4a721d7ed10ce49e21bd98cbc6adaa6b75038b2cbe80098a8f5a5f0bacd5,structured-evidence
"experiments/tide-marks/storyboard-full-pack/E04-01/prompt.md",2489,b067067630f24e6e58d17440feaedbbd0bd134494d9cbb0310f56f9af62f2999,guidance-or-prompt
"experiments/tide-marks/storyboard-full-pack/E04-02/README.zh-CN.md",2062,6885dcdcebb39d6a1f50089cf59b1ed42766f23adcf8de3f71ef4b016db1a42d,guidance-or-prompt
"experiments/tide-marks/storyboard-full-pack/E04-02/SHOT-VIDEO-FALLBACK.zh-CN.md",1677,4eb8fea5b8a3dbbe251229aafe5415a3654c5f82561105265c5c69ed6643adb4,guidance-or-prompt
"experiments/tide-marks/storyboard-full-pack/E04-02/UPLOAD-ORDER.md",2537,e95ba959f1203057521c820bd27dd3648e94c22de9500b1e39edccb6b88ecd0b,guidance-or-prompt
"experiments/tide-marks/storyboard-full-pack/E04-02/chatart-prompt.txt",3072,3d97c5992572724ceda813077afdbcc9769e94b279c02e1cbd822e6bae89cd09,guidance-or-prompt
"experiments/tide-marks/storyboard-full-pack/E04-02/f1.png",2221790,0f17a4261b0558da5ea4ba30de4c9830bc4c12e799b7656eaad2bde838ddf5d2,visual-evidence
"experiments/tide-marks/storyboard-full-pack/E04-02/f2.png",2034701,c06511a10bcd9631aa6ffa762567a5b8624688ff9acfd9120c6174c9e0b20089,visual-evidence
"experiments/tide-marks/storyboard-full-pack/E04-02/f3.png",2093275,7943c1cb10f00ccbcfc71af05336948c83866e8427c59141c2f23a28db104d61,visual-evidence
"experiments/tide-marks/storyboard-full-pack/E04-02/frame-prompts/f1.md",2016,ffa3dce86e29fb41d9a0bb049c575d0c02dab5aa212a7bca67cb0cc0b5da1bcf,guidance-or-prompt
"experiments/tide-marks/storyboard-full-pack/E04-02/frame-prompts/f2.md",1964,af6088aaf564a83a56ce42a55eb7b63f5bacc9ae33effe3d032824da53643af1,guidance-or-prompt
"experiments/tide-marks/storyboard-full-pack/E04-02/frame-prompts/f3.md",1956,731690a8990d27af3d99456e512ad55e3d34ecff2cfc2bbb76cba435d06ff213,guidance-or-prompt
"experiments/tide-marks/storyboard-full-pack/E04-02/import.json",3071,8cf445feacc8e5231e60b664c6cb02794e3e04371ce2d58ec68d3d7395ccbedc,structured-evidence
"experiments/tide-marks/storyboard-full-pack/E04-02/prompt.md",2237,9c3c3a9078f5c68ffdd732b4953dcd24a1bce6fe06fe1d1f369a8a613c94ea58,guidance-or-prompt
"experiments/tide-marks/storyboard-full-pack/E04-03/README.zh-CN.md",1748,26fe74253618b303695a0315c67d2dd2f2af87b8c4e0b25c77aa744f0f39e91c,guidance-or-prompt
"experiments/tide-marks/storyboard-full-pack/E04-03/SHOT-VIDEO-FALLBACK.zh-CN.md",1659,5c1cb31bcd5f09cfc99a5fd05a3a94b750451168157ddb6e0c70b5ac9696bd1f,guidance-or-prompt
"experiments/tide-marks/storyboard-full-pack/E04-03/UPLOAD-ORDER.md",2319,f2d1a2db153e6bedbb33a5f4a2f6c7d2d343c1eba5f76581e2390c1ac3371db4,guidance-or-prompt
"experiments/tide-marks/storyboard-full-pack/E04-03/chatart-prompt.txt",2824,0d5b0ed2102454731f7629852e2b6cea72bc3077d0d27b6c2db355516b58d218,guidance-or-prompt
"experiments/tide-marks/storyboard-full-pack/E04-03/f1.png",1935466,7a007e3abdb0e697f80c7934fea5b2aacdff91dde591d9ad0f3d095299991902,visual-evidence
"experiments/tide-marks/storyboard-full-pack/E04-03/f2.png",1868868,5ff497f07dd40ec28cb6455f93d41819b9e3d6cb2b66a3103539d7a84a398a94,visual-evidence
"experiments/tide-marks/storyboard-full-pack/E04-03/f3.png",1963906,99ebd2c8bc5c80c9c3f6add2232a5dc9e0531290c904fc88a734935eeeb01a9c,visual-evidence
"experiments/tide-marks/storyboard-full-pack/E04-03/frame-prompts/f1.md",1650,2b797c53abb8d9d2c6978a0fcd0ca77837217a5b76092f634d46cb0ce24e6377,guidance-or-prompt
"experiments/tide-marks/storyboard-full-pack/E04-03/frame-prompts/f2.md",1868,a75cfce1d806a28361402b0d771e4591e66350cea2d06143e98bf19a9f2bc5a2,guidance-or-prompt
"experiments/tide-marks/storyboard-full-pack/E04-03/frame-prompts/f3.md",1863,9c7a6eb965aebeca5901b9c425842ba6a82f70211d7bf8d762f93d29f18f8e84,guidance-or-prompt
"experiments/tide-marks/storyboard-full-pack/E04-03/import.json",2855,cab4a0d5539b132bcb43d0eb8f086f8f55b6f00ae0c82ca78d154976c137d77a,structured-evidence
"experiments/tide-marks/storyboard-full-pack/E04-03/prompt.md",2048,249eb8ca3341c069495312464f513915abd27c230ca10f1fa8f75a7fdb8ea7c6,guidance-or-prompt
"experiments/tide-marks/storyboard-full-pack/E04-04/README.zh-CN.md",2177,1c76f32f8ac3d64f61b82a0a1339f520b662c7a00ea5af2f94ae1da3defc0119,guidance-or-prompt
"experiments/tide-marks/storyboard-full-pack/E04-04/SHOT-VIDEO-FALLBACK.zh-CN.md",1905,bbd68555b929267a7402b0c51cc1f405d72e8e2f2d23eb53fe83a4bc38ae4b54,guidance-or-prompt
"experiments/tide-marks/storyboard-full-pack/E04-04/UPLOAD-ORDER.md",2696,1da69513fe569051d03d186370cd5b52a70313259a76aef5130b45030a60ae44,guidance-or-prompt
"experiments/tide-marks/storyboard-full-pack/E04-04/chatart-prompt.txt",3431,d3ba7fe840ff6b52906a9ebb055e598081337833775271032cfdbc71fc7b9db4,guidance-or-prompt
"experiments/tide-marks/storyboard-full-pack/E04-04/f1.png",1920348,69f66fed4916d91ee8c9442d576bab3af6b8f9712161a036b4ae074d183bc20b,visual-evidence
"experiments/tide-marks/storyboard-full-pack/E04-04/f2.png",2056260,73cf9ccede6525d605254f090e4bf30ca9c5644bdcf8822373406435db1549bf,visual-evidence
"experiments/tide-marks/storyboard-full-pack/E04-04/f3.png",1951072,14d0d93a0d6622c5aab44f827074bc22413e351e575809524dce67d3a0a714b8,visual-evidence
"experiments/tide-marks/storyboard-full-pack/E04-04/f4.png",1897609,7555cefc74e86600290cf5669ccf05288cb39bb91479db430178128410c6931b,visual-evidence
"experiments/tide-marks/storyboard-full-pack/E04-04/frame-prompts/f1.md",1798,04c932144d732cccad3e41915d85470c9413973918a65109bdd13be91d905184,guidance-or-prompt
"experiments/tide-marks/storyboard-full-pack/E04-04/frame-prompts/f2.md",1889,4dc9159884353ce8a609feba688c725c31164997c762ef1c57fb9e882f472ebb,guidance-or-prompt
"experiments/tide-marks/storyboard-full-pack/E04-04/frame-prompts/f3.md",2127,d5a84ef1924cdd30f755db3105cc8dc8a397d11044e63fe7bed5a6a480f827d6,guidance-or-prompt
"experiments/tide-marks/storyboard-full-pack/E04-04/frame-prompts/f4.md",1892,d1ad46125b20196cc6220e75637e0eb1b2a598bb7880899bee6d210825da8a93,guidance-or-prompt
"experiments/tide-marks/storyboard-full-pack/E04-04/import.json",3387,6ed23d563edd9ef610cd024df401eed0a74ddf95d6b570e7292ea6d7acdd5c11,structured-evidence
"experiments/tide-marks/storyboard-full-pack/E04-04/prompt.md",2650,650b7ec930635e78a9be5dc36a4032ae8c8cdbbd676f4de082c30fcca5b34cd4,guidance-or-prompt
"experiments/tide-marks/storyboard-full-pack/E04-05/README.zh-CN.md",2092,c47805ce4a6dc682a5a5418402347ab0a81977c90565413ee3f2a022bbcd452b,guidance-or-prompt
"experiments/tide-marks/storyboard-full-pack/E04-05/SHOT-VIDEO-FALLBACK.zh-CN.md",1766,fb96661196b0e4f5db34f2ead8cc9e2e025f48c27453bf4ecce2c8305b00903d,guidance-or-prompt
"experiments/tide-marks/storyboard-full-pack/E04-05/UPLOAD-ORDER.md",2528,91da84c71107af3deed0cef5216512fc02254de0b62be020756e608afbec9166,guidance-or-prompt
"experiments/tide-marks/storyboard-full-pack/E04-05/chatart-prompt.txt",3074,aecb23c72115bdb93ba145c89a3154acea800c82da278faf50567bbecf6f4ce7,guidance-or-prompt
"experiments/tide-marks/storyboard-full-pack/E04-05/f1.png",2085802,765ffcfc7c38306cf9faba17f2dc147e79a01f2cce093bf5d72e8ccafc56d8aa,visual-evidence
"experiments/tide-marks/storyboard-full-pack/E04-05/f2.png",1961041,db21d647d10160e2f9b0d5eaeb9d0b5374904afd066d9d343d96b578d1bcfb24,visual-evidence
"experiments/tide-marks/storyboard-full-pack/E04-05/f3.png",1781106,2f20945a93c6a4292061d4895521656f7f668c2182b8d109a9750d5bf553fcab,visual-evidence
"experiments/tide-marks/storyboard-full-pack/E04-05/frame-prompts/f1.md",2099,903e3fb72aa922f3100f1ac09df7ff9e30344f5ed64550a5438619ec908963f0,guidance-or-prompt
"experiments/tide-marks/storyboard-full-pack/E04-05/frame-prompts/f2.md",1900,797e6ac72fb3912d78f103384602019581c242762109e06d94c92ef1c4eeddb2,guidance-or-prompt
"experiments/tide-marks/storyboard-full-pack/E04-05/frame-prompts/f3.md",1930,2f96dcbd2346014837557cdbc271a5130c5d9af7d9239440f471f97c4f1395cf,guidance-or-prompt
"experiments/tide-marks/storyboard-full-pack/E04-05/import.json",3066,aaaf1bfe3e0512fea3e5121c3c2b9f509f9a8857ad3d6dd3b3469112aff49f1b,structured-evidence
"experiments/tide-marks/storyboard-full-pack/E04-05/prompt.md",2258,de56cbcbc4a63b92681484ac78cad3ce334cba8e6146d2b8f0541db03c66b14f,guidance-or-prompt
"experiments/tide-marks/storyboard-full-pack/E04-06/README.zh-CN.md",1866,39ae0ada9deb26eaf9a160b5773c62db7e6f30a1a5a668918672b176d36ffc0c,guidance-or-prompt
"experiments/tide-marks/storyboard-full-pack/E04-06/SHOT-VIDEO-FALLBACK.zh-CN.md",1708,c53d31890ff0aa1298523cb6159d4a433598a28575cb97923364cb12940ed4d6,guidance-or-prompt
"experiments/tide-marks/storyboard-full-pack/E04-06/UPLOAD-ORDER.md",2383,7d4ffc17b5236694be981c2953533fe684ddc860340c1874384cb08f9b7cb8ec,guidance-or-prompt
"experiments/tide-marks/storyboard-full-pack/E04-06/chatart-prompt.txt",2715,7ba95be6c7c26e90eb454fdf2a7f364fd9283ead07e81bb9d4015b6f450cf45c,guidance-or-prompt
"experiments/tide-marks/storyboard-full-pack/E04-06/f1.png",2160002,ba9794cf7ee413c44e2c6bd0716b4fa87c7914408bbfc90f510820f8c41b68e6,visual-evidence
"experiments/tide-marks/storyboard-full-pack/E04-06/f2.png",1943483,3067f65898a9786c1bd0b05332ecd61d4bd5bc00623f416d48f8ee172589cc92,visual-evidence
"experiments/tide-marks/storyboard-full-pack/E04-06/f3.png",1791755,1919881514acbd2849a13d8057b57111e4110e98a6733c9901f678e8f249cd24,visual-evidence
"experiments/tide-marks/storyboard-full-pack/E04-06/frame-prompts/f1.md",2074,f2cfdbac5bef92b61804e6e50f94dc22b5b7837087b10f1b5a2e207b72a77115,guidance-or-prompt
"experiments/tide-marks/storyboard-full-pack/E04-06/frame-prompts/f2.md",1879,db292119ce34d7b0b748cb74cf529b74138b4884af98e0636fabb7c2a2016c98,guidance-or-prompt
"experiments/tide-marks/storyboard-full-pack/E04-06/frame-prompts/f3.md",2100,07220b78025b4c4e3796c5b695d70276ea16b6341f6ff897dcd187517839288e,guidance-or-prompt
"experiments/tide-marks/storyboard-full-pack/E04-06/import.json",2921,f7b4a5a09895ecfbd58755e22ce7d965383bbf327005ae01c442d7e0c1498280,structured-evidence
"experiments/tide-marks/storyboard-full-pack/E04-06/prompt.md",1931,5cbb1fd4dbb71c7fac842dd5248747849c277cd1bac4ef197cf2725bf92d62f7,guidance-or-prompt
"experiments/tide-marks/storyboard-full-pack/E04-07/README.zh-CN.md",2598,1dff8e2f66ea1e866307b820f2c9d6779a0943281a7b46a653b357ab5dd67221,guidance-or-prompt
"experiments/tide-marks/storyboard-full-pack/E04-07/SHOT-VIDEO-FALLBACK.zh-CN.md",2137,d23410d83e6b3966f719ba8bff84c47e6166ca210d253607280536bd7297cb87,guidance-or-prompt
"experiments/tide-marks/storyboard-full-pack/E04-07/UPLOAD-ORDER.md",2894,4668ce30c7de718b7d2880af9fd9d066fe003d1455f323cfd99e513fab4ed541,guidance-or-prompt
"experiments/tide-marks/storyboard-full-pack/E04-07/chatart-prompt.txt",3451,1cbe25d3129a3f2e70ac4c70989141dae61d4a1f249946f3fef0087716851c4a,guidance-or-prompt
"experiments/tide-marks/storyboard-full-pack/E04-07/f1.png",2398054,a6c071e2c1764d1c9c9a4a42c2736e108ffaed494290669d0db749d06248bc0f,visual-evidence
"experiments/tide-marks/storyboard-full-pack/E04-07/f2.png",2101305,ea189aa76f805403d8dbc88430015853692ba04a61194ad22b70e795eaae2c33,visual-evidence
"experiments/tide-marks/storyboard-full-pack/E04-07/f3.png",2129826,4e5ea1cc0c11ae4843c8e7b9542fc428398527ff240d4b15ff290db39c5fc305,visual-evidence
"experiments/tide-marks/storyboard-full-pack/E04-07/f4.png",2110852,80c550c67bfc0e1fe2d0b2fa2efd82a4659123864c714793e35d1c5fd3b4e440,visual-evidence
"experiments/tide-marks/storyboard-full-pack/E04-07/frame-prompts/f1.md",2513,f37175864003c4be3c4c22986d46d3c20c0f263a3b77a9c95dd93f97ce9f2dfb,guidance-or-prompt
"experiments/tide-marks/storyboard-full-pack/E04-07/frame-prompts/f2.md",2205,82e6b8fccf75368dc4c55a47fabe3aa0440293c6d22821c97ca00551e7630938,guidance-or-prompt
"experiments/tide-marks/storyboard-full-pack/E04-07/frame-prompts/f3.md",2149,349b07f465281ea03b0be02d053c5d9ec5ccd7debe287951466566e53faa6340,guidance-or-prompt
"experiments/tide-marks/storyboard-full-pack/E04-07/frame-prompts/f4.md",2488,d30345658953fdc2d04dd62ee81d7271fd62fde3940272c986839fa8dab1b454,guidance-or-prompt
"experiments/tide-marks/storyboard-full-pack/E04-07/import.json",3605,03e4479f44654e5b3f0595bd857152bbb6e3c8b9bf5d07fee0f4bb7d32935f52,structured-evidence
"experiments/tide-marks/storyboard-full-pack/E04-07/prompt.md",2651,8dface5f6cbf03bcd339895aa66653a214f7b2c3d48e0612ddd68f79d1d6d40b,guidance-or-prompt
"experiments/tide-marks/storyboard-full-pack/E04-08/README.zh-CN.md",2008,1eba63a6630ab7c51210ebda98d31a21274e60ebd2db12d06d850b28f5f43e50,guidance-or-prompt
"experiments/tide-marks/storyboard-full-pack/E04-08/SHOT-VIDEO-FALLBACK.zh-CN.md",1715,61582fd3bba0dd26b6cec8cca0715fb6e77783ea49d844a33f2af73e4420480a,guidance-or-prompt
"experiments/tide-marks/storyboard-full-pack/E04-08/UPLOAD-ORDER.md",2488,3c03e97e18419ba9ca6d5fdd3b7e04d13aae785555298dc1a1d5d242fde3343e,guidance-or-prompt
"experiments/tide-marks/storyboard-full-pack/E04-08/chatart-prompt.txt",2997,0dca8d37f986e4a15f71448774b1c1d7a900d24802a79d933cbd6086751574b8,guidance-or-prompt
"experiments/tide-marks/storyboard-full-pack/E04-08/f1.png",2168321,2eec0f84d5eaf49f6231ae3e295c80eac0091c15bbe604d3bc906fa810101176,visual-evidence
"experiments/tide-marks/storyboard-full-pack/E04-08/f2.png",1997202,14847e18901109bb90a6241f9bafbb7fddf766fe6b7799dbcde7656e6c83a847,visual-evidence
"experiments/tide-marks/storyboard-full-pack/E04-08/f3.png",2129164,08253e2a60e81dbba4622b78e9654ffa6e1f173097f26e910d507be30fb423ac,visual-evidence
"experiments/tide-marks/storyboard-full-pack/E04-08/frame-prompts/f1.md",1979,bfdc6e96fe4bb8050bdd8f81811f833fdae325c0ab42c435578f5f465c0eaf09,guidance-or-prompt
"experiments/tide-marks/storyboard-full-pack/E04-08/frame-prompts/f2.md",1969,806fad1aa937ea67fdc5b6ea34e91dc9c353165b9c584ca2639792ebca1c1e5c,guidance-or-prompt
"experiments/tide-marks/storyboard-full-pack/E04-08/frame-prompts/f3.md",1946,ae6cea4062ab2ba704125728f6e7c49068be29ae245d8ae5cc72ea96e2c6d99b,guidance-or-prompt
"experiments/tide-marks/storyboard-full-pack/E04-08/import.json",3042,d7c9f64c32ab6332266bd3fd28758ce44ece2b5f9205d2723537b2880410dbbf,structured-evidence
"experiments/tide-marks/storyboard-full-pack/E04-08/prompt.md",2170,8d4b8fca2b500faec40a9b59184ede21c94055aea21a671a0463eb7066cb7f5e,guidance-or-prompt
"experiments/tide-marks/storyboard-full-pack/E04-09/README.zh-CN.md",2321,dd0df42d5bd1a6d1037c863c6bddd2d4433e02d3980700258854e476c34151ff,guidance-or-prompt
"experiments/tide-marks/storyboard-full-pack/E04-09/SHOT-VIDEO-FALLBACK.zh-CN.md",1950,d6e385e7029adb7b83647a096a966c0042d23f0689491e9dca6ab125279bfcc4,guidance-or-prompt
"experiments/tide-marks/storyboard-full-pack/E04-09/UPLOAD-ORDER.md",2849,8766e4c4260f8064ee3c85295ece7ace1ef3be3dd636c88387b6b655759b0111,guidance-or-prompt
"experiments/tide-marks/storyboard-full-pack/E04-09/chatart-prompt.txt",3611,d8b7dc3fc9d022d96f9137c706a4800019f7d95956b2f06447603e65a6b57115,guidance-or-prompt
"experiments/tide-marks/storyboard-full-pack/E04-09/f1.png",2199631,61975939ade5009cc39c75a9cba4bac78e0377a3680fde600a2c500110b70236,visual-evidence
"experiments/tide-marks/storyboard-full-pack/E04-09/f2.png",1988029,fe26d23b6e5e581a966b1d9ce103b7d3448c898485eeba95a8071c8d249c5637,visual-evidence
"experiments/tide-marks/storyboard-full-pack/E04-09/f3.png",2050523,3a8a9a7b545517ac9b5bcc9b072e7bc67a44cc026fc8cb4f445431c702421018,visual-evidence
"experiments/tide-marks/storyboard-full-pack/E04-09/f4.png",2309019,275a521fe286c3cb103717751b2263775f4545f930c859a37e0f1b2f6e2dfa3d,visual-evidence
"experiments/tide-marks/storyboard-full-pack/E04-09/frame-prompts/f1.md",1776,e533a7c5fcba2290af8e9a3ad4eea9c5d4421af60aecbcc5c96bf9a1080725ea,guidance-or-prompt
"experiments/tide-marks/storyboard-full-pack/E04-09/frame-prompts/f2.md",2202,c2493c33b1569e9170e9b7e6df2976a207f281c60a65f1dfd2e11c5657ed112c,guidance-or-prompt
"experiments/tide-marks/storyboard-full-pack/E04-09/frame-prompts/f3.md",2008,af01b8c957c00e7a97ac4c8ed150dbd3455cf1736c0be7f51fa7a98a798f78d0,guidance-or-prompt
"experiments/tide-marks/storyboard-full-pack/E04-09/frame-prompts/f4.md",2206,9495018d58c22f14cfd158998ddf5c6a3e6428a301d786d369eddd2fb328658d,guidance-or-prompt
"experiments/tide-marks/storyboard-full-pack/E04-09/import.json",3558,d15ea2fb2cf5a8b8de046201467472b6c9792321093ffb848e442645b35d1892,structured-evidence
"experiments/tide-marks/storyboard-full-pack/E04-09/prompt.md",2731,571faa3270d9f7660d59fbcb2301bd9c3dafbf044710dac7f09d2c63eb6f0ecc,guidance-or-prompt
"experiments/tide-marks/storyboard-full-pack/E05-01/README.zh-CN.md",2260,56db721b561ed03909a7dff631f344740502c27acd0c513a61e5647a2c23c0e7,guidance-or-prompt
"experiments/tide-marks/storyboard-full-pack/E05-01/SHOT-VIDEO-FALLBACK.zh-CN.md",1840,a09d781e3ef507e786673725a19925a4cba8303ffb5896b3fb180e869fd02241,guidance-or-prompt
"experiments/tide-marks/storyboard-full-pack/E05-01/UPLOAD-ORDER.md",2721,3cc335fab30353e9d723f71d858505b4816066a6aab74e737b2a3bafe12ec37e,guidance-or-prompt
"experiments/tide-marks/storyboard-full-pack/E05-01/chatart-prompt.txt",3088,a0326d7a0599dd0f0d45afe65f69a2bb3de0269e5e3717ed34ab96b94193b51b,guidance-or-prompt
"experiments/tide-marks/storyboard-full-pack/E05-01/f1.png",2317391,e358f989700e15030a39d4115f4dda340b702932cc98bd45e40cc0a97a8a17fe,visual-evidence
"experiments/tide-marks/storyboard-full-pack/E05-01/f2.png",2877186,9a7b40a12d9ac9649f543aacb3510372c9d4f7e555e9d545ce98455b3899c79b,visual-evidence
"experiments/tide-marks/storyboard-full-pack/E05-01/f3.png",2069258,4b2bbb72c996e99fc00be65f9c0be4fe674f8fa67d8fb3c03722eec0ee397619,visual-evidence
"experiments/tide-marks/storyboard-full-pack/E05-01/frame-prompts/f1.md",2553,2a1b52e7c3f298d9203c0d8af68728cf37bc34f51d5c06de01b61172c6ca0799,guidance-or-prompt
"experiments/tide-marks/storyboard-full-pack/E05-01/frame-prompts/f2.md",2282,3394f35e168de0d07a1a82d4e99dd75fde7d171b0b2d0098d56448f7d1e27406,guidance-or-prompt
"experiments/tide-marks/storyboard-full-pack/E05-01/frame-prompts/f3.md",2283,91c205bfdfd9557f39f9a408ede96bff5359480070ae219d2d76425b8bee4189,guidance-or-prompt
"experiments/tide-marks/storyboard-full-pack/E05-01/import.json",3266,a8133d699ce00af2efe04f3b130b657a2547d7b306d1e47a142b2739e1a30c31,structured-evidence
"experiments/tide-marks/storyboard-full-pack/E05-01/prompt.md",2156,ab066a1f74aec4a1087cd6d356e176d6e208373fa0587221bae023951e72a032,guidance-or-prompt
"experiments/tide-marks/storyboard-full-pack/E05-02/README.zh-CN.md",1918,fbb733d154dcd37ac599b85396987383bf9611bea435810d149bcac8553d2983,guidance-or-prompt
"experiments/tide-marks/storyboard-full-pack/E05-02/SHOT-VIDEO-FALLBACK.zh-CN.md",1618,3c7215daa3ca15c085319d3e6c68bed8dab1eb44f052220bb642e387764953e1,guidance-or-prompt
"experiments/tide-marks/storyboard-full-pack/E05-02/UPLOAD-ORDER.md",2400,67a33119d3b74b09ef163b629ec6b2aea873ea9dd18c04d3135a409fa0029dd2,guidance-or-prompt
"experiments/tide-marks/storyboard-full-pack/E05-02/chatart-prompt.txt",2908,74e99e40f10041e61ef9371359a2d3c052f28aa342d47bf6e8d79fb17b67b64c,guidance-or-prompt
"experiments/tide-marks/storyboard-full-pack/E05-02/f1.png",2684293,f9e2853588c551ee69591ebab8852c4b19ac22724c4d8dce958a6931d0baf6d9,visual-evidence
"experiments/tide-marks/storyboard-full-pack/E05-02/f2.png",2128364,7267f71edbacbb2be464023b9dd9325dc6cffb0dd3a37d41e3ae32ceb88a085c,visual-evidence
"experiments/tide-marks/storyboard-full-pack/E05-02/f3.png",1986092,85e0ffd0d77669a101de1b0a23c641c9dd1282dd27eb1dcbe772c9ad91ff9ea7,visual-evidence
"experiments/tide-marks/storyboard-full-pack/E05-02/frame-prompts/f1.md",2130,a33de0a9856a48502a2f8a6602b34f2d52b4d78f8e607d460a9693e94293c7d4,guidance-or-prompt
"experiments/tide-marks/storyboard-full-pack/E05-02/frame-prompts/f2.md",2404,9641e0756d2ea4d46cc907e4612f66feca89c7c72b52fa6a7cf32b87c76a0a83,guidance-or-prompt
"experiments/tide-marks/storyboard-full-pack/E05-02/frame-prompts/f3.md",2316,d1779dad30fd17c48df4f04e8bd6f4dee0cf7549bb87e8dfa0377080b3cc4128,guidance-or-prompt
"experiments/tide-marks/storyboard-full-pack/E05-02/import.json",2943,d31e2d499df07a1d0acc8529963cbbe8d494b0e095f529040b99a476fcb04e22,structured-evidence
"experiments/tide-marks/storyboard-full-pack/E05-02/prompt.md",2138,5d0a643c933686d4779bdfc89acc220ce2cbddbab0c4fd6a27c077c028d4d45e,guidance-or-prompt
"experiments/tide-marks/storyboard-full-pack/E05-03/README.zh-CN.md",1701,2f6d4c7048165867ecda50f5386948fb0d5dfdcc770c162763a6401b6259d5ff,guidance-or-prompt
"experiments/tide-marks/storyboard-full-pack/E05-03/SHOT-VIDEO-FALLBACK.zh-CN.md",1460,64a2714e65ca762bf1b9e09de965d36a6a558fa07d054febd5cab90a0068593e,guidance-or-prompt
"experiments/tide-marks/storyboard-full-pack/E05-03/UPLOAD-ORDER.md",2249,2829fa03ae1a094020b73e6173f4b86bbf99530357e824b35250b6524962bebd,guidance-or-prompt
"experiments/tide-marks/storyboard-full-pack/E05-03/chatart-prompt.txt",2367,487cf88090a4260f0e700dc7452c2052958fb699f05b4f35621fb1105b7fafce,guidance-or-prompt
"experiments/tide-marks/storyboard-full-pack/E05-03/f1.png",2811943,14144ec3209d5c396d51acc57d258c6be23f3bf651e058ce062115356a0639d3,visual-evidence
"experiments/tide-marks/storyboard-full-pack/E05-03/f2.png",2296519,9cc885c0d924e7d1e510588e3fba23fffe2dc6aefc8df2747839cf8147bebeb0,visual-evidence
"experiments/tide-marks/storyboard-full-pack/E05-03/frame-prompts/f1.md",2521,110ae0f2a5052e17e735f7bef775080ad3758a49946606678237db401f02610e,guidance-or-prompt
"experiments/tide-marks/storyboard-full-pack/E05-03/frame-prompts/f2.md",2662,358412229485797cf7a093a08ba110e1795d33b8fa127de98f005d4f3daa0dc8,guidance-or-prompt
"experiments/tide-marks/storyboard-full-pack/E05-03/import.json",2637,c087afcadd500ae6d28bcdbb5bf15dfdf3ddf8d2a3790cc293a26242f98da891,structured-evidence
"experiments/tide-marks/storyboard-full-pack/E05-03/prompt.md",1477,52c10327b473dc431b46c4ee1fd257c81556a8720d8a04666484ff28e9eeade1,guidance-or-prompt
"experiments/tide-marks/storyboard-full-pack/E05-04/README.zh-CN.md",2304,b7e9da3078a5fbb76148b4545b425a510ad166b378279aa4f004daadcc1e7c02,guidance-or-prompt
"experiments/tide-marks/storyboard-full-pack/E05-04/SHOT-VIDEO-FALLBACK.zh-CN.md",1848,7925ced8f93e2a6acd1c91a9fb8cff3de780336bfdb12c9d47e11cfe3d2a4ca1,guidance-or-prompt
"experiments/tide-marks/storyboard-full-pack/E05-04/UPLOAD-ORDER.md",2806,f29c624c396bfe2b4077fee99cbcb38c48e77bc38c20dbd6079c69c809a356a2,guidance-or-prompt
"experiments/tide-marks/storyboard-full-pack/E05-04/chatart-prompt.txt",3215,f9483f03b65e1ff5979c3fd9cc15122b506411b796b451c47ea91f066f62acd8,guidance-or-prompt
"experiments/tide-marks/storyboard-full-pack/E05-04/f1.png",2158662,38e3178b48976ea8dcd0f5d5890abce1d135c41ac1eb21d5b9fb0cc9803cdd5e,visual-evidence
"experiments/tide-marks/storyboard-full-pack/E05-04/f2.png",2134919,9b7c1de560c4ccfb4cc81161b153d6137fef879df1c315a2180171f16083089a,visual-evidence
"experiments/tide-marks/storyboard-full-pack/E05-04/f3.png",2152225,91160867944a08ea096c0e85b8788de8805b30d50cf4bfa50d9091350db6c3de,visual-evidence
"experiments/tide-marks/storyboard-full-pack/E05-04/frame-prompts/f1.md",3013,414f93a46796a1adcb388d04cf91aa071fcbcac3b4a29734ffe050ba768cc8c0,guidance-or-prompt
"experiments/tide-marks/storyboard-full-pack/E05-04/frame-prompts/f2.md",2563,f67fde2f0249a86850d427b1dd74c46dbd70291a3f006cb6e0641442b14d67a1,guidance-or-prompt
"experiments/tide-marks/storyboard-full-pack/E05-04/frame-prompts/f3.md",2556,5a0a5fbf2d1d4c8e8a4716511037ac91675f0356af956b626482900d7cfec692,guidance-or-prompt
"experiments/tide-marks/storyboard-full-pack/E05-04/import.json",3349,555082acb94b433006c9ac1609dc32173a5aacd043bb7982b6248540fdbd7e48,structured-evidence
"experiments/tide-marks/storyboard-full-pack/E05-04/prompt.md",2211,62b0c73ef812fd73c3d4bb620c0243b2b850bef6a5369d5e55bb8e3a873555f0,guidance-or-prompt
"experiments/tide-marks/storyboard-full-pack/E05-05/README.zh-CN.md",2324,f5bdcd02ef1cad5e9c2a4e780d214fb4643808621bd63a980c907722a00ff071,guidance-or-prompt
"experiments/tide-marks/storyboard-full-pack/E05-05/SHOT-VIDEO-FALLBACK.zh-CN.md",1929,f9a9d350a77a928194a397a6caf9ae9806ec3d9bd4ceaa77b7ba8576f3135376,guidance-or-prompt
"experiments/tide-marks/storyboard-full-pack/E05-05/UPLOAD-ORDER.md",2772,be8e549579b4af57402a4c5afeae7d533a771ee87ea80a4c4dd306e1b7b53eab,guidance-or-prompt
"experiments/tide-marks/storyboard-full-pack/E05-05/chatart-prompt.txt",3092,274bbfd3f536811a90fff960584430fb459de693c57ab1f5f8c64089b9d321c3,guidance-or-prompt
"experiments/tide-marks/storyboard-full-pack/E05-05/f1.png",2090205,fdd47fe4278bb36895d385428997a1f7dc888a781959de3c690e8cd871e882eb,visual-evidence
"experiments/tide-marks/storyboard-full-pack/E05-05/f2.png",1962685,02ee9e7d749466eacd120bfe806bd042f748eb19e44c65fdc902e0c3923e4bb0,visual-evidence
"experiments/tide-marks/storyboard-full-pack/E05-05/f3.png",2351464,d90b0bb05686806371050c9a314189e72f042ed64e4d9c8b9a546af73bede071,visual-evidence
"experiments/tide-marks/storyboard-full-pack/E05-05/frame-prompts/f1.md",2787,54deff36cef5a69c1c6659e293c3ce5f87391af9703668decd2917028ff73637,guidance-or-prompt
"experiments/tide-marks/storyboard-full-pack/E05-05/frame-prompts/f2.md",2490,e7d23e9b5bda067dc56b48929c6a5afacf953e27bfe0ce7eb002e1f84994ec5d,guidance-or-prompt
"experiments/tide-marks/storyboard-full-pack/E05-05/frame-prompts/f3.md",2806,a1f2cd0adff0b65fd7f63d1202392165c19959f846e6e38d731ee2eaed39cf78,guidance-or-prompt
"experiments/tide-marks/storyboard-full-pack/E05-05/import.json",3323,86c29f5f3f076d9f7fe81d9649ef44d7124e7125bfcf2d48fe739c62eb37baef,structured-evidence
"experiments/tide-marks/storyboard-full-pack/E05-05/prompt.md",2133,4789038f15f0d3f7b3e2de8fdddf49adb5d18093107db942c5871f6269aaaae9,guidance-or-prompt
"experiments/tide-marks/storyboard-full-pack/E05-06/README.zh-CN.md",2453,72abd3fcde691e065a8b299d2bc554cb52039894fa2086e60d5ecc8e4f3ccd14,guidance-or-prompt
"experiments/tide-marks/storyboard-full-pack/E05-06/SHOT-VIDEO-FALLBACK.zh-CN.md",2022,978de2b68c3bf358d5c450cb3306ff3d47ee1e83f374ffb4efc037a08a23d0c3,guidance-or-prompt
"experiments/tide-marks/storyboard-full-pack/E05-06/UPLOAD-ORDER.md",2768,6d8d0329090a3252a49808873a4a0219f02155557980abea72bc0bfb0b6c97d1,guidance-or-prompt
"experiments/tide-marks/storyboard-full-pack/E05-06/chatart-prompt.txt",3525,a7da11f263ef136a1ef9b664cd085a26339733a2eddfb669f11c206b7a045ee5,guidance-or-prompt
"experiments/tide-marks/storyboard-full-pack/E05-06/f1.png",2205176,1aeab3ec3d2f47537c135459a21cf9c87e519f8c80853504134fb2d26369160a,visual-evidence
"experiments/tide-marks/storyboard-full-pack/E05-06/f2.png",2227852,5dc49682dad3cdd2f15dbdfb1a40ca9176a912f4adc7f9c6c02dea3afa194f3e,visual-evidence
"experiments/tide-marks/storyboard-full-pack/E05-06/f3.png",2060787,1afaf08b081ccd2a90baf399aab34c06d4a8370b095e18b6b42b9bc842bf7999,visual-evidence
"experiments/tide-marks/storyboard-full-pack/E05-06/f4.png",2141446,dd2ab425bf8d3b0c89d75c53cc24d1b67dbc94be338418c6b4aff478b356981b,visual-evidence
"experiments/tide-marks/storyboard-full-pack/E05-06/frame-prompts/f1.md",2527,f0fa6bd8b3dff1ea571dfd48a2a6fc01fbbd6b3523fa8f60013038250cf93678,guidance-or-prompt
"experiments/tide-marks/storyboard-full-pack/E05-06/frame-prompts/f2.md",2516,8476ed260c01e43aee18df1765921cabcda721f681000b9080aff3839ab4e64a,guidance-or-prompt
"experiments/tide-marks/storyboard-full-pack/E05-06/frame-prompts/f3.md",2569,8cb594ece4edc1db3feeb004eca3e7894fe111e3bb73a7c8dc8eb9a832935594,guidance-or-prompt
"experiments/tide-marks/storyboard-full-pack/E05-06/frame-prompts/f4.md",2722,fcc4c542c5210b9a837fcce92f890214645476f8301372e1e7e7486828e5d574,guidance-or-prompt
"experiments/tide-marks/storyboard-full-pack/E05-06/import.json",3474,2f1a830efebbc23f92e206b3b50f6edb95b4642a6d32936709ee681c95869128,structured-evidence
"experiments/tide-marks/storyboard-full-pack/E05-06/prompt.md",2789,c86613fa56cad4d091c3c8599a913b345b44c20470653d68f829a3f72e3357d5,guidance-or-prompt
"experiments/tide-marks/storyboard-full-pack/E05-07/README.zh-CN.md",2357,6c45c76d132cfe334ba93cc9d8849c7a0c3f5bcf467716bdce7ab47e62108cfe,guidance-or-prompt
"experiments/tide-marks/storyboard-full-pack/E05-07/SHOT-VIDEO-FALLBACK.zh-CN.md",2028,11ffe425d90419f609b69ac2bb360dbcbdb86174e6b1b27e500005008a930a85,guidance-or-prompt
"experiments/tide-marks/storyboard-full-pack/E05-07/UPLOAD-ORDER.md",2738,0a3828cbbbdb509ac3a94ea43b980170b45e26fe87eebe3c94610cf8173afa21,guidance-or-prompt
"experiments/tide-marks/storyboard-full-pack/E05-07/chatart-prompt.txt",3452,14f1c9590661882ac2427d116f2655a8b185398d44a3448a4fb85de81c228235,guidance-or-prompt
"experiments/tide-marks/storyboard-full-pack/E05-07/f1.png",2064558,49bbc075c483936a63ccdbb847d62956046f7bde068fa0a34754ec6294ba132c,visual-evidence
"experiments/tide-marks/storyboard-full-pack/E05-07/f2.png",2032641,c96d362e1c23bd31144ae9bca47f6ebf09edf6c80004b24f60c29273f3a52162,visual-evidence
"experiments/tide-marks/storyboard-full-pack/E05-07/f3.png",2165824,b2fa8f0a2d67d1050ff0aea91b6d484c52aadc0ed7f5f305f61e05a286904779,visual-evidence
"experiments/tide-marks/storyboard-full-pack/E05-07/f4.png",2046996,6a4833f0be4bc74e53b2a37ad0dbf7b7e29533f6f9c53bcc3318518623aeccad,visual-evidence
"experiments/tide-marks/storyboard-full-pack/E05-07/frame-prompts/f1.md",2721,2b79701d20a2ca00408c84f2ab6c38d55edc90819f08cc6a36feb7bcab2d4197,guidance-or-prompt
"experiments/tide-marks/storyboard-full-pack/E05-07/frame-prompts/f2.md",2689,29fcf95818d900fd505b5287594b11b3209959ea4a8c9689cb383da78f7a6023,guidance-or-prompt
"experiments/tide-marks/storyboard-full-pack/E05-07/frame-prompts/f3.md",2351,63752403a01bb599649c31490b04fbf0a95b8b1a20d39da44eb260e5d1bb26db,guidance-or-prompt
"experiments/tide-marks/storyboard-full-pack/E05-07/frame-prompts/f4.md",2657,8422bf8b78c8743f7ae6215dc098c1bacb2968ade370b61e6e6c9a928ef68c59,guidance-or-prompt
"experiments/tide-marks/storyboard-full-pack/E05-07/import.json",3444,d9c370e50a40c0f0fb3c1eb77347363232dfc8bc1721efc3cd8af81e91920c24,structured-evidence
"experiments/tide-marks/storyboard-full-pack/E05-07/prompt.md",2692,6939d3ad715d6ade0f5fbbe7dc01446848c356c8c9fbe63b8ea7036e9993f471,guidance-or-prompt
"experiments/tide-marks/storyboard-full-pack/E05-08/README.zh-CN.md",2499,b7e8fe676fab536916dff9bec3817419f1df0b76418c72d097bcea9530b3d3d9,guidance-or-prompt
"experiments/tide-marks/storyboard-full-pack/E05-08/SHOT-VIDEO-FALLBACK.zh-CN.md",2035,9e2c5b02541c341b38bbc27cefad0361715e8011ade547a22713299f309b36a6,guidance-or-prompt
"experiments/tide-marks/storyboard-full-pack/E05-08/UPLOAD-ORDER.md",3231,186428596af55250917dda362fdd66143de120a36caf86567ffb0b60452be903,guidance-or-prompt
"experiments/tide-marks/storyboard-full-pack/E05-08/chatart-prompt.txt",4023,9e41f061ba291ae1d47a2dab0531abfcd5ce2319d8bbc5227c9ec3936a6cc674,guidance-or-prompt
"experiments/tide-marks/storyboard-full-pack/E05-08/f1.png",2195149,d885e18e7b77edb57adb7791934db275f88fd3d7fea077b128f24d3f0840bd78,visual-evidence
"experiments/tide-marks/storyboard-full-pack/E05-08/f2.png",1937662,61b3b74f43b3f0b85f75d6bc98edbee08da5cb3fd878515f4dfcbae857e81d79,visual-evidence
"experiments/tide-marks/storyboard-full-pack/E05-08/f3.png",1745582,dad5fc61bf06a3feadcf36e8d08e3ba84bbe4be953da3fc3341facda3422161a,visual-evidence
"experiments/tide-marks/storyboard-full-pack/E05-08/f4.png",2221995,a400e40141a27c5e97edc6be92e8094909ed086ec53c9ea074900e7ede5f8946,visual-evidence
"experiments/tide-marks/storyboard-full-pack/E05-08/frame-prompts/f1.md",2918,12a778a25e6521318eee445b76482f5971947c2e0dd14a57393ddf2da68fcc9f,guidance-or-prompt
"experiments/tide-marks/storyboard-full-pack/E05-08/frame-prompts/f2.md",2188,52defccc388b0a726dfe5ae2a11d8aee1cd304eb010139b00b4c0ea088f2daa5,guidance-or-prompt
"experiments/tide-marks/storyboard-full-pack/E05-08/frame-prompts/f3.md",2506,6829069cbf6cdf8293c697999f8047c5504451479636f90a9c82836c13b4a1ec,guidance-or-prompt
"experiments/tide-marks/storyboard-full-pack/E05-08/frame-prompts/f4.md",2676,e9862b3ac8ad2d6c303f0c55b778a7e19d850bf9a838298150db6383a701272f,guidance-or-prompt
"experiments/tide-marks/storyboard-full-pack/E05-08/import.json",3937,122cf161e5e2614a0a0b5e4036b86400e41c0472a32ad96bb971ba77b256e06c,structured-evidence
"experiments/tide-marks/storyboard-full-pack/E05-08/prompt.md",2835,507fe342ee08af0c5a2ce54fe4c4c5d8b92c0ff135e7629f20c83e440c92539b,guidance-or-prompt
"experiments/tide-marks/storyboard-full-pack/E05-09/README.zh-CN.md",4173,422977f52e257daa6dba7e4ead52ba51aa88f6e7cbcdf67641aed42fce1dc30c,guidance-or-prompt
"experiments/tide-marks/storyboard-full-pack/E05-09/SHOT-VIDEO-FALLBACK.zh-CN.md",2814,259b1568f6ca590da9659f3b0e24d39ab9043b2ed2f47fe324a6ffbf7286fb38,guidance-or-prompt
"experiments/tide-marks/storyboard-full-pack/E05-09/UPLOAD-ORDER.md",4306,79b41ca59a0cc317e05a8e3a3b25b367eee251b430b3909fe0ba3389cd6dda57,guidance-or-prompt
"experiments/tide-marks/storyboard-full-pack/E05-09/chatart-prompt.txt",4880,e91534ca3fc810467270bb6909659d9037f1c347cc39438d3169b62546fc36b2,guidance-or-prompt
"experiments/tide-marks/storyboard-full-pack/E05-09/f1.png",2130974,3e6a3cb50eaf9ac30c8fcbe5b56bdc68c891a015781fe2577f8aa570ac81b3bc,visual-evidence
"experiments/tide-marks/storyboard-full-pack/E05-09/f2.png",2245361,9f6593eea0fef066007a9eeb21007cc55a21aefab7849bcf3354658501e348b6,visual-evidence
"experiments/tide-marks/storyboard-full-pack/E05-09/f3.png",2053864,af7ae45cb9c39ee2f638288b98ac6bd0014288a003f3629959e2844700461c2b,visual-evidence
"experiments/tide-marks/storyboard-full-pack/E05-09/frame-prompts/f1.md",3624,c41c0a3f8ed68294d38ec628a32b886064e24eb65ff4e4bdb5bdd8d6caf6c953,guidance-or-prompt
"experiments/tide-marks/storyboard-full-pack/E05-09/frame-prompts/f2.md",3529,0fee5013c07235c80a65cb349e870011cfdf04e6dc7d2a7c41b3149403312997,guidance-or-prompt
"experiments/tide-marks/storyboard-full-pack/E05-09/frame-prompts/f3.md",2559,4eedba5bd2a0a19beeaee0b9f584795cc14dcbd3ec4b9ad82207d69e3ff1d788,guidance-or-prompt
"experiments/tide-marks/storyboard-full-pack/E05-09/import.json",4857,517e6c633c61b631a35aa437029cfb181b5d70c989b1b804d0c8c35af353b642,structured-evidence
"experiments/tide-marks/storyboard-full-pack/E05-09/prompt.md",3274,dbd998ce411d621f8f34379f2156e89457bf9bc420ddf25b0e78eaca02969c21,guidance-or-prompt
"experiments/tide-marks/storyboard-full-pack/E05-10/README.zh-CN.md",3694,5e8aeaba670bf8853fed11f6b66e46280be6ade114c1489cb5cae2fef0c8d12d,guidance-or-prompt
"experiments/tide-marks/storyboard-full-pack/E05-10/SHOT-VIDEO-FALLBACK.zh-CN.md",2561,82e428a2123048d2199a94d47cdac0f4cec8bc9903844f0a66f52a756dfbdc84,guidance-or-prompt
"experiments/tide-marks/storyboard-full-pack/E05-10/UPLOAD-ORDER.md",4168,6303eddc7b889006874a6133f6784266a3d63bd27ff0dd11de8ed12ee3050e37,guidance-or-prompt
"experiments/tide-marks/storyboard-full-pack/E05-10/chatart-prompt.txt",4689,4896576a99918d28b6be2d9c0ccfd71e4ea74e89a6ed1d9547f45646172cdfc5,guidance-or-prompt
"experiments/tide-marks/storyboard-full-pack/E05-10/f1.png",2088981,d38843863dd16ef9cba0f51bd56bc16c5813dfd441f963567d6c3715f38eb192,visual-evidence
"experiments/tide-marks/storyboard-full-pack/E05-10/f2.png",1847996,7788950fd84f01d6147ec9c37417a57150ed89f65cb8d5adc10cf5ece273e24c,visual-evidence
"experiments/tide-marks/storyboard-full-pack/E05-10/f3.png",2158539,8c3c3d7e9ef7a028ca2faf1372dad011ccfd1ca15c113cee3470635e18810aac,visual-evidence
"experiments/tide-marks/storyboard-full-pack/E05-10/frame-prompts/f1.md",3236,73ca0ab1dbad5907a774d14360b3615a37320b7636b0e024930bf69b73579fbb,guidance-or-prompt
"experiments/tide-marks/storyboard-full-pack/E05-10/frame-prompts/f2.md",2756,12c48737a4804ea8dadd33c3932b7232d5390b5f09a5ad1324f045d280459ecb,guidance-or-prompt
"experiments/tide-marks/storyboard-full-pack/E05-10/frame-prompts/f3.md",3563,b261a551ce876c0c2ab4a88a93e599a23a0bf0ae2b58346a57f4f4bb9c988f38,guidance-or-prompt
"experiments/tide-marks/storyboard-full-pack/E05-10/import.json",4721,b3d59079f7bdcaee80c1c9e72639c1b1d4bd0ab256e98f6e07ae5d468b672f4b,structured-evidence
"experiments/tide-marks/storyboard-full-pack/E05-10/prompt.md",2968,6b49633e12e770eb4de7a803926e1aa27440ed5d99588dbee55296277d5886c7,guidance-or-prompt
"experiments/tide-marks/storyboard-full-pack/E06-01/README.zh-CN.md",2320,ffb0b97eae57f6e84d4cff18a1c312d15f1ad3d050ac48a7dc210a895917faaa,guidance-or-prompt
"experiments/tide-marks/storyboard-full-pack/E06-01/SHOT-VIDEO-FALLBACK.zh-CN.md",1855,7d0490d6824d919cda9a6fe40ab650588e6ec37f285cd86b4569ff285e6d8dac,guidance-or-prompt
"experiments/tide-marks/storyboard-full-pack/E06-01/UPLOAD-ORDER.md",3186,8d7c8ae451f6881115ab0b35674c6b7beb45e40926b2b84d5bde678386f9c45c,guidance-or-prompt
"experiments/tide-marks/storyboard-full-pack/E06-01/chatart-prompt.txt",3778,8092751613a4c1cc928478b7740bd2e78484af52681faab9537c8ef63ec4cc52,guidance-or-prompt
"experiments/tide-marks/storyboard-full-pack/E06-01/f1.png",2381198,18bc56a04870e956a35ed39e5309bcbeef091857637247b4e77a31847f49dc3a,visual-evidence
"experiments/tide-marks/storyboard-full-pack/E06-01/f2.png",2188354,f558e9ec7975130ad55bddf3f8ec54330ec70a2f0d6b884555f82de93580728d,visual-evidence
"experiments/tide-marks/storyboard-full-pack/E06-01/f3.png",1960056,b1e08bf932eed3fc58610f3c3b22d6f21cf270acd31c4ac760242dc5433fbe68,visual-evidence
"experiments/tide-marks/storyboard-full-pack/E06-01/frame-prompts/f1.md",2966,9146574279cf620f906ca53d3f6237c6fb19b60a3e2f9ea510bfe7772d1b62e2,guidance-or-prompt
"experiments/tide-marks/storyboard-full-pack/E06-01/frame-prompts/f2.md",2620,c8a7d6d1d00373f8772bc691a90688242b606d4c3625f1660fd584d8e906b028,guidance-or-prompt
"experiments/tide-marks/storyboard-full-pack/E06-01/frame-prompts/f3.md",2133,1ff10dcb185213eeab7da163b0f764beb2cdcfe0187f333ffa9aa80df54239a2,guidance-or-prompt
"experiments/tide-marks/storyboard-full-pack/E06-01/import.json",3742,c80b58bd0f39c4eb1c0b38d8efeb66e2fb885dde3377971737aaa76b02bae62f,structured-evidence
"experiments/tide-marks/storyboard-full-pack/E06-01/prompt.md",2408,c091e029c167ea14f1dab62afc0b27172e22576eac51e60c3caea85b1558e5e8,guidance-or-prompt
"experiments/tide-marks/storyboard-full-pack/E06-02/README.zh-CN.md",2218,776394eb19c730eed127435130688cc78bd926e7584790a58cea29ad8835fab1,guidance-or-prompt
"experiments/tide-marks/storyboard-full-pack/E06-02/SHOT-VIDEO-FALLBACK.zh-CN.md",1756,9ee9205ec6162b3db5bb1f5cb396b439ee4df830b501cbd33ccb39182e288da5,guidance-or-prompt
"experiments/tide-marks/storyboard-full-pack/E06-02/UPLOAD-ORDER.md",2658,2ede587669a210d959b11a6a2ff4300c746e3af2667d4923d55cf1805963e12a,guidance-or-prompt
"experiments/tide-marks/storyboard-full-pack/E06-02/chatart-prompt.txt",3038,45dd5064045f40fb5772584389c38a8ce94a0fce48fc95f074e120fa57446c29,guidance-or-prompt
"experiments/tide-marks/storyboard-full-pack/E06-02/f1.png",1998111,0d4dc47e1f797f66a5343505c261b337a3aec338099e3aa09a7b685f0e35dfc6,visual-evidence
"experiments/tide-marks/storyboard-full-pack/E06-02/f2.png",1724495,fb17cbe3f8472ae4ef4e918f7c003f7119425cb80ffea27d99ba0ae4c7e9147d,visual-evidence
"experiments/tide-marks/storyboard-full-pack/E06-02/f3.png",2223180,478f440b38391c5b6a5676372b9f5d15825b6a6e06c2b97757342aacc5bd3d9a,visual-evidence
"experiments/tide-marks/storyboard-full-pack/E06-02/frame-prompts/f1.md",2691,8bfb0bbc144d8a4d2f618a95c8e0dc16edf934c3be4453bca65339b30c8b4d1d,guidance-or-prompt
"experiments/tide-marks/storyboard-full-pack/E06-02/frame-prompts/f2.md",2324,78fd4a8157ec0844e761a5cd4a46dd20d8ccdbbb5883311188ab356468f7d0dc,guidance-or-prompt
"experiments/tide-marks/storyboard-full-pack/E06-02/frame-prompts/f3.md",2184,b5518833d916fd9540c5ee146a8b5fbe5ee272de695c5ca42113ded0abfd3a82,guidance-or-prompt
"experiments/tide-marks/storyboard-full-pack/E06-02/import.json",3210,d40e7e04ae437b2c3b83d4247b2b3bc86c2dda8c0bc90ff5b4ef24859b805cfc,structured-evidence
"experiments/tide-marks/storyboard-full-pack/E06-02/prompt.md",2148,1f1b6cc87030eca0dfc1384e098f2c07d615b89cd80c6ef68aa61e0935cdcddb,guidance-or-prompt
"experiments/tide-marks/storyboard-full-pack/E06-03/README.zh-CN.md",2113,7b76f0ad43055dc29be7adfb0c4d9ab7fc7223934f726148f65feab5fee40d8e,guidance-or-prompt
"experiments/tide-marks/storyboard-full-pack/E06-03/SHOT-VIDEO-FALLBACK.zh-CN.md",1750,7bc7da42426f8a1c3aa40bbd80b35acb371b1db60bd9c8c3bbc4c17a0139a9ff,guidance-or-prompt
"experiments/tide-marks/storyboard-full-pack/E06-03/UPLOAD-ORDER.md",2529,9b16064a4be03f8cf26814ef937af5e0a90a225f9bba2b292a63b64108d5c79c,guidance-or-prompt
"experiments/tide-marks/storyboard-full-pack/E06-03/chatart-prompt.txt",2980,a2b28bdbd93d68196fc15f984d30e7951316be2fdff61f8ae7aa6c5fb824ba8e,guidance-or-prompt
"experiments/tide-marks/storyboard-full-pack/E06-03/f1.png",2209214,c74ddafaa323fdb3c430a29ae6603c0a4efcda44520821b86b6df93be3dc4d9d,visual-evidence
"experiments/tide-marks/storyboard-full-pack/E06-03/f2.png",2210309,23ef2482f064399a5c8570c47048e3a4da4df3924ad9a8c56016f9239421d28b,visual-evidence
"experiments/tide-marks/storyboard-full-pack/E06-03/f3.png",2252399,ac6775addceed133784665509a905e0714fd868c1b293883fb9069edd869d582,visual-evidence
"experiments/tide-marks/storyboard-full-pack/E06-03/frame-prompts/f1.md",2342,0031141b53bb057acc2544ec24678dece533bfb8939c25822990b5116c2e424c,guidance-or-prompt
"experiments/tide-marks/storyboard-full-pack/E06-03/frame-prompts/f2.md",2355,488468212f30d7f7b1af8d5091489c5b66df69a65d67b70ea41c14e0e07873fa,guidance-or-prompt
"experiments/tide-marks/storyboard-full-pack/E06-03/frame-prompts/f3.md",2207,1f54d956c64451ac7bec79234cc1bfeefa0f407d578167028ad0b01c0451e748,guidance-or-prompt
"experiments/tide-marks/storyboard-full-pack/E06-03/import.json",3083,790aaecdf51d196ab0b2f772bcc0db0b79650221306e1288fc1b3b2ef7a6447b,structured-evidence
"experiments/tide-marks/storyboard-full-pack/E06-03/prompt.md",2162,0dbc1f883c771ad76292cae7914a96061fd5b75f6f6e6cccb58185d1cb2c1437,guidance-or-prompt
"experiments/tide-marks/storyboard-full-pack/E06-04/README.zh-CN.md",1921,26f256be7be2535457ddf52e1e2837a226e92d4d7dfeb3c1ec37b684de1e9d96,guidance-or-prompt
"experiments/tide-marks/storyboard-full-pack/E06-04/SHOT-VIDEO-FALLBACK.zh-CN.md",1676,1f1ea545d8a57aafe0ff36b67a11d3f6e5591ebb7e882813660dab0e68049d12,guidance-or-prompt
"experiments/tide-marks/storyboard-full-pack/E06-04/UPLOAD-ORDER.md",2428,2d9f603d7e30dd81d1743cdbd42981751547b75284dd0ab826b8a24090a9e25c,guidance-or-prompt
"experiments/tide-marks/storyboard-full-pack/E06-04/chatart-prompt.txt",3018,13e04a12408223fc99eb2514caf6364bf2e132a6749f2554af59a46d2fd5d435,guidance-or-prompt
"experiments/tide-marks/storyboard-full-pack/E06-04/f1.png",2026456,f6cc329387762f84c7ffd2a5038a9d601626405b43b11cb6f5a37d92a072662a,visual-evidence
"experiments/tide-marks/storyboard-full-pack/E06-04/f2.png",1936374,2b943ef8deaa94c0cdb06a0350c2f074608f7bd9f2c201e44b938875345d4dee,visual-evidence
"experiments/tide-marks/storyboard-full-pack/E06-04/f3.png",1917300,40c3a3e6d4403a20a31cc43497200b119283330fda6d12229c219513058867f8,visual-evidence
"experiments/tide-marks/storyboard-full-pack/E06-04/frame-prompts/f1.md",2160,1cb016756b51a75ed204effefc1cce6d598ce42a545f9fcde1659e701ce5dcac,guidance-or-prompt
"experiments/tide-marks/storyboard-full-pack/E06-04/frame-prompts/f2.md",2325,cf58ab70ca350c3b9539652fc57e2280b95fb2a70afcf7f9ec3f3f1723cac08e,guidance-or-prompt
"experiments/tide-marks/storyboard-full-pack/E06-04/frame-prompts/f3.md",2112,f77173ac4dc2551b7d0d931cfe473387c2712252c8563aecb26060b89d17cb8e,guidance-or-prompt
"experiments/tide-marks/storyboard-full-pack/E06-04/import.json",2982,297b57d32b94c066a250289d6bbad949ba9951064d856f8f5753694acaf632fc,structured-evidence
"experiments/tide-marks/storyboard-full-pack/E06-04/prompt.md",2212,d56c25f1b6938fdf9231c09cd65933a91c6586b8242eef3cdc618b2ca7629814,guidance-or-prompt
"experiments/tide-marks/storyboard-full-pack/E06-05/README.zh-CN.md",2179,a69e92fd36c033d2ee491478dc1e4f6369ca30b0517a5fa0cb4ecf18efcd8205,guidance-or-prompt
"experiments/tide-marks/storyboard-full-pack/E06-05/SHOT-VIDEO-FALLBACK.zh-CN.md",1784,af8dc4f315c1e4821de40ef00ec29106113648526e3d1aa6e6bac52a63f6c41a,guidance-or-prompt
"experiments/tide-marks/storyboard-full-pack/E06-05/UPLOAD-ORDER.md",2542,cb122ab4f44142ce5272838a5ed4c71bae36ab555f00352050e04e4b67b55e41,guidance-or-prompt
"experiments/tide-marks/storyboard-full-pack/E06-05/chatart-prompt.txt",3078,26115b28d5b9f0a625c657e3b0f1a2929944a8188d08cd802ff141c56fac635e,guidance-or-prompt
"experiments/tide-marks/storyboard-full-pack/E06-05/f1.png",1952276,755b49260d38b005e0db9651c42a3b02baf866cf59d2d0a9ef74f46fc3b4b5c5,visual-evidence
"experiments/tide-marks/storyboard-full-pack/E06-05/f2.png",1938221,2608fa3c9ab8b0461690060c3ca7a57432daa48b805f79a83d934671322976e1,visual-evidence
"experiments/tide-marks/storyboard-full-pack/E06-05/f3.png",2004895,e4f35a8eedd64983ae7766f2e0bed03cfda17d32d01964bba16b98e9fe5cc243,visual-evidence
"experiments/tide-marks/storyboard-full-pack/E06-05/frame-prompts/f1.md",2588,9d17fe0fcdafa58684e9100770367b75fa1da4812e950eae60a412b20b048dbe,guidance-or-prompt
"experiments/tide-marks/storyboard-full-pack/E06-05/frame-prompts/f2.md",2296,907e07edb830216c00dfaaa26cff38a8b9ec9c2130424dc699a3e748cd12fbbc,guidance-or-prompt
"experiments/tide-marks/storyboard-full-pack/E06-05/frame-prompts/f3.md",2572,4f3e88d9f531c850809730d9d2e31f72a69c4655abfef48991056a526bab4a1c,guidance-or-prompt
"experiments/tide-marks/storyboard-full-pack/E06-05/import.json",3096,0ee9b172cbebd949cd630c19ff17cd437a6086e2dec9349a87db638faad8331f,structured-evidence
"experiments/tide-marks/storyboard-full-pack/E06-05/prompt.md",2266,e7233ae8f202934b1eda1c0847d2e8ef9aa375491cce6e4ccf16ef7ccc3740d9,guidance-or-prompt
"experiments/tide-marks/storyboard-full-pack/E06-06/README.zh-CN.md",2362,5f10ee73af8e3cf6e6728d118afbb0eeaf0553d478e0153595719b8a6d2fbf50,guidance-or-prompt
"experiments/tide-marks/storyboard-full-pack/E06-06/SHOT-VIDEO-FALLBACK.zh-CN.md",1873,5cb96ff2674fcd460aa44bbb454eeea1958dfd292ff38d71602718d082f0a390,guidance-or-prompt
"experiments/tide-marks/storyboard-full-pack/E06-06/UPLOAD-ORDER.md",2862,eee9d4edab77cb326d1ee9709c67aac011e6b8ccb6d55d0f49d6247236488479,guidance-or-prompt
"experiments/tide-marks/storyboard-full-pack/E06-06/chatart-prompt.txt",3235,fd065d4a98930dd59d3debb0e14aa177203b2a70b10d389e0fd620674557c246,guidance-or-prompt
"experiments/tide-marks/storyboard-full-pack/E06-06/f1.png",2188201,a8b21511258eb090d481e7dee240c5339dad0cedc6e6f19b618018ab2b3939e4,visual-evidence
"experiments/tide-marks/storyboard-full-pack/E06-06/f2.png",2347729,3c539799b88a059dd362fee690fedc6dfdd07c85e3360c3802738f53eca69c37,visual-evidence
"experiments/tide-marks/storyboard-full-pack/E06-06/f3.png",2018758,145ec373a067b7cf952a375d542f857bcae0531c2adeb2f33f365555916bd623,visual-evidence
"experiments/tide-marks/storyboard-full-pack/E06-06/frame-prompts/f1.md",2554,52a4583a752e33a2285357d5a1ec999ad12a6f6e5b9a5121f0d27b8235e5e8c0,guidance-or-prompt
"experiments/tide-marks/storyboard-full-pack/E06-06/frame-prompts/f2.md",2881,55b16f2e10681b4d0eeaa41ced94b676a9c183f1cdb7cf01a9440d22070e7e96,guidance-or-prompt
"experiments/tide-marks/storyboard-full-pack/E06-06/frame-prompts/f3.md",2472,c15f54ae01750cfa28ab6df793b70cf59d1d68b7cec22ca3da1bbbc5212cc74f,guidance-or-prompt
"experiments/tide-marks/storyboard-full-pack/E06-06/import.json",3418,3f54749fa02fbf9b84ef0f0c799da8f6fa721fee9a0d6165d25dc8cc0c2fdc33,structured-evidence
"experiments/tide-marks/storyboard-full-pack/E06-06/prompt.md",2222,cf0f99b299f976c8ce6faf6111d1e37d826cab7c4bf476f5eced53c48091bc16,guidance-or-prompt
"experiments/tide-marks/storyboard-full-pack/E06-07/README.zh-CN.md",2206,abfaed8af761cbea1a774bdd81a1da2614ab2c7a51a498c717b3af7fa5ac7ab6,guidance-or-prompt
"experiments/tide-marks/storyboard-full-pack/E06-07/SHOT-VIDEO-FALLBACK.zh-CN.md",1795,ac7fac0628df7fa658ad2e213294a393eafe50049d5d3c8265198631af2cfa46,guidance-or-prompt
"experiments/tide-marks/storyboard-full-pack/E06-07/UPLOAD-ORDER.md",2823,4981fcf4a944c259275229c3fd9259d31ab6a9f7115f47cb736da72e8efb9829,guidance-or-prompt
"experiments/tide-marks/storyboard-full-pack/E06-07/chatart-prompt.txt",3158,3b8775baf1aff65e3e536c2f9e07d27cbc654a2859b9d058fe157faf95770740,guidance-or-prompt
"experiments/tide-marks/storyboard-full-pack/E06-07/f1.png",2237527,c018f860dd058eb85bc8411d0c9b8500e56f8d61d3137148bf6ca2477c1342af,visual-evidence
"experiments/tide-marks/storyboard-full-pack/E06-07/f2.png",2072163,d6f7b8774078751cd6a98aa916d325d372c8a1138d21687f36255df427161838,visual-evidence
"experiments/tide-marks/storyboard-full-pack/E06-07/f3.png",2200350,96a5a46c71d939365a5f0d4f6e445363b718eb84594fd041fa71a91c97a1ce59,visual-evidence
"experiments/tide-marks/storyboard-full-pack/E06-07/frame-prompts/f1.md",2648,b7364eb9317a0023bab589c81136df65cde87d9ec3f2288dec4b99f6c4f1f0c6,guidance-or-prompt
"experiments/tide-marks/storyboard-full-pack/E06-07/frame-prompts/f2.md",2147,0f89893e19263ab639711b29c9eab73185bc9364145f008022d7887858190ef1,guidance-or-prompt
"experiments/tide-marks/storyboard-full-pack/E06-07/frame-prompts/f3.md",2245,065b1a4a79aabb5093291a99d46de369ccf616cba86a65c4cbd724b558670c99,guidance-or-prompt
"experiments/tide-marks/storyboard-full-pack/E06-07/import.json",3377,6e75f7bd78fe65b2c93b63def0750c02fef42eeda58fcfb93055340350a42dc7,structured-evidence
"experiments/tide-marks/storyboard-full-pack/E06-07/prompt.md",2091,cc2810f63e601e2ffc00200e7e2c39f6e5515bdf7317f354183e24ae5f79714a,guidance-or-prompt
"experiments/tide-marks/storyboard-full-pack/E06-08/README.zh-CN.md",2347,932d721d0d5500d12c85bd0f90d6bea7ac52fa2513dc557adf284ed99d119761,guidance-or-prompt
"experiments/tide-marks/storyboard-full-pack/E06-08/SHOT-VIDEO-FALLBACK.zh-CN.md",1868,bfba4014e4fdb61b05c085c00cacd337406119ec305a580e174b25857efe3281,guidance-or-prompt
"experiments/tide-marks/storyboard-full-pack/E06-08/UPLOAD-ORDER.md",3270,c45c352f96bb570bdb3ba3c42e367ad1188e78e97fc68db4ead68e1044858e8b,guidance-or-prompt
"experiments/tide-marks/storyboard-full-pack/E06-08/chatart-prompt.txt",3221,df5231871fd2ac625706f8a2d5f58922c54fff2f7204c49c15a16c3754d5dccd,guidance-or-prompt
"experiments/tide-marks/storyboard-full-pack/E06-08/f1.png",2197509,a89e02ce87426b894202d43f1efe78a348ac2b516f39f61903623af0ad0d55f2,visual-evidence
"experiments/tide-marks/storyboard-full-pack/E06-08/f2.png",2233214,66a93c79508d767956c121e7f1e433f906131abc082ef5aac3aa01aac6f12399,visual-evidence
"experiments/tide-marks/storyboard-full-pack/E06-08/f3.png",2248113,062311165292650d3ea2bb28265ce7fb84aed8dbdf0e04f813c7c7fc9712394f,visual-evidence
"experiments/tide-marks/storyboard-full-pack/E06-08/frame-prompts/f1.md",2660,c3cae843899baa0a2e084f3c53310198f7db7e2cb4d51c9307505212293eff2a,guidance-or-prompt
"experiments/tide-marks/storyboard-full-pack/E06-08/frame-prompts/f2.md",2519,27dfcde53b4e303fa0687c4d4857ecbdf8c01ce80c1c8f0afceb01477fa0252f,guidance-or-prompt
"experiments/tide-marks/storyboard-full-pack/E06-08/frame-prompts/f3.md",2569,2697e23132b02d0f4b48e683d2699fe1960a71a0edf4d68a570ccaf0c14c0df6,guidance-or-prompt
"experiments/tide-marks/storyboard-full-pack/E06-08/import.json",3600,88264ca1df75d73dbdc711b3ac6beb220ffd8208a317a76b8bc16aca41e4f80c,structured-evidence
"experiments/tide-marks/storyboard-full-pack/E06-08/prompt.md",2193,34e4fa06e2aec466ecdd47926f2768b630bd627d2ed3bce0a70696fc6e9410b9,guidance-or-prompt
"experiments/tide-marks/storyboard-full-pack/E06-09/README.zh-CN.md",2097,a242b65b7cf4975361d08c2c0b5bad04e1cc2092beac59c5dd0a00e80387429e,guidance-or-prompt
"experiments/tide-marks/storyboard-full-pack/E06-09/SHOT-VIDEO-FALLBACK.zh-CN.md",1649,252419caaa289024b4502470e6e7dda83df36f00eac8f0e58a6ffb4cf24a257f,guidance-or-prompt
"experiments/tide-marks/storyboard-full-pack/E06-09/UPLOAD-ORDER.md",2717,7a9200476335373a175ed7270deb595506d089ed3e2fe4bac494c83b257ffd7a,guidance-or-prompt
"experiments/tide-marks/storyboard-full-pack/E06-09/chatart-prompt.txt",2949,23c3d6b182fbe98a35ecd5e1be52d34c92985a8c1a0ffa8239067a4bc91db347,guidance-or-prompt
"experiments/tide-marks/storyboard-full-pack/E06-09/f1.png",2310663,a6d8ff6bf62255ecb76b9db58bf966aa7b86b3080181323963afc27fcaaab976,visual-evidence
"experiments/tide-marks/storyboard-full-pack/E06-09/f2.png",2006641,ce1504dde93d4a6d38a8d4af3cfcaaadbf5ab3d19b4a5d7f25b2f822f11d4341,visual-evidence
"experiments/tide-marks/storyboard-full-pack/E06-09/frame-prompts/f1.md",2922,8fc0ac3a0a24ca5f984e2496599c4793bfc2c1ffdcc70c6586b9435f1ac9b9ed,guidance-or-prompt
"experiments/tide-marks/storyboard-full-pack/E06-09/frame-prompts/f2.md",2465,70ddf562e70458c1f69dbbeb158ee44d379b04fdd5d8c4e73717bd63c4f6ca9b,guidance-or-prompt
"experiments/tide-marks/storyboard-full-pack/E06-09/import.json",3114,5c987861c3dffa9712c329b49af50da60b6481a91b8e65b0ef4c40567155b9fd,structured-evidence
"experiments/tide-marks/storyboard-full-pack/E06-09/prompt.md",1780,70cc4d563a7c7f10708346a38b8f667a07af43a09a0a3bfed949ea1e326542fd,guidance-or-prompt
"experiments/tide-marks/storyboard-full-pack/E06-10/README.zh-CN.md",1995,6e8d851e7e11e1214537b8871b72c1a6b1f9d650843a1f0f8e240158aa4d3070,guidance-or-prompt
"experiments/tide-marks/storyboard-full-pack/E06-10/SHOT-VIDEO-FALLBACK.zh-CN.md",1615,381153e99bd4f8816782183784170a1150bb58a985a46ae6380b21384f57f3de,guidance-or-prompt
"experiments/tide-marks/storyboard-full-pack/E06-10/UPLOAD-ORDER.md",2935,f75a57d58464bc95d887589c2a08b66a714a280ad6782940908374c6b079d5ed,guidance-or-prompt
"experiments/tide-marks/storyboard-full-pack/E06-10/chatart-prompt.txt",2147,1c8c7ec294c3b97f38bc5a91077707bc29dec6204808f9c8c8c7732dccd8cf8c,guidance-or-prompt
"experiments/tide-marks/storyboard-full-pack/E06-10/f1.png",2446574,76004d66a109db32a0fee05a139c231656196e9840a28a26313abd588200d1c3,visual-evidence
"experiments/tide-marks/storyboard-full-pack/E06-10/f2.png",1943443,5ea61ef41dbfa68584cb487ad7dd7693fc0c7c0bb4d27b7c149e94189059f55e,visual-evidence
"experiments/tide-marks/storyboard-full-pack/E06-10/frame-prompts/f1.md",2551,4cda99b6afa75c1ede16d09ad2469bf2b6dd6bcf2a0923924f010ffe42ea845c,guidance-or-prompt
"experiments/tide-marks/storyboard-full-pack/E06-10/frame-prompts/f2.md",2787,e4057309d280b81880f2b9260264036ff333c5863b5d1d9d8946fed56aa23005,guidance-or-prompt
"experiments/tide-marks/storyboard-full-pack/E06-10/import.json",2801,1afc02c9b28293cd83c6d0948dcea24f9dfe7244237f84d9da19f64920a666ac,structured-evidence
"experiments/tide-marks/storyboard-full-pack/E06-10/prompt.md",1550,5d16df2115b8136cffb37060c8576ecd4c4085e65010b9a30d089b2abe5df8fd,guidance-or-prompt
"experiments/tide-marks/storyboard/E02-01/f1.png",2179599,05e7187e929f93b35341f14c96d20dbb868164f300cd36193b7affa35beb23f0,visual-evidence
"experiments/tide-marks/storyboard/E02-01/f2.png",2010200,885f26e31cf5ad278b86c32852af85e09f63ddd055401a960bb24d1582dce49d,visual-evidence
"experiments/tide-marks/storyboard/E02-01/f3.png",2323646,825507d61ff90986669cddbb960473486af767c0273a91e94e92eb194d665e4b,visual-evidence
"experiments/tide-marks/storyboard/E02-01/f4.png",1938077,f981c8f8e6fa6127e12e574ece244fe8cc137e066f64351370e3edc9a22daa9b,visual-evidence
"experiments/tide-marks/storyboard/manifest.json",5819,6e3d56ee0d556359d6c6cafa39f965e757bf2e6ea98c5a29ca7ede7391b4307c,structured-evidence
"experiments/tide-marks/storyboard/storyboard-ep2-report.html",143301,4c3e49cdfd470c59efc83a1d5849f64a4b4bb7a912cdaf02451cb9e35449c81a,research-page
"experiments/tide-marks/storyboard/storyboard-report-zh.html",150583,a689776aa6adffc4f5bf566e4f2d7c34c33f032ea28e8949e1c5a385876f0166,research-page
"experiments/tide-marks/storyboard/storyboard-report.html",1089220,92e743c2b8d5ede05524f9830a9f17fbf9eab8aada9c061a094d6f20a7f040cf,research-page
"experiments/tide-marks/storyboard/work/storyboard-ep1.json",30721,5ba6882aad35df372d53b750b2f29fd499ea3bf2edd18c0ca2282763844e6d5d,structured-evidence
"experiments/tide-marks/storyboard/潮痕-storyboard-ep1-2.json",73310,ae8951b67cd29ee7a8b8023a9aace55bf7d2c09d9028254e52ce3b4093b7e69d,structured-evidence
"experiments/tide-marks/storyboard/潮痕-storyboard-ep2-seed.json",10476,7063377cad128f209244edc8fa735e77f87177c5b405ea96a1afebff5e31626a,structured-evidence
"experiments/tide-marks/storyboard/潮痕-storyboard-ep2.json",39253,3d620ea499ae3e58d8ed6ee8d62e6ccd12100afa7e5e564ca4e34bf4f33d5ab9,structured-evidence
"experiments/tide-marks/storyboard/潮痕-storyboard-ep2.md",25660,be11551f95b259ba693e1e9a679c0831779ae0bc798b9818da03c7fc33a53c8a,guidance-or-prompt
"experiments/tide-marks/storyboard/潮痕-storyboard.json",411988,6ccaff15f976dfcdde854ec49a1990123e85d19a290814ea0b22c8be03b4af74,structured-evidence
"experiments/tide-marks/storyboard/潮痕-storyboard.md",166436,fadd6d96ba9006b5aa40c624687ccd299ce14149cc68dedaf1d5f213f2bbf8b3,guidance-or-prompt
"experiments/tide-marks/verify-production-state.mjs",18278,db6f6815dfa8e187361599a96af03e56603a07295a08441590b2b1d4ca64467d,reproduction-script
"experiments/tide-marks/基础资产准备.md",1989,66ddc757da6d23fbd0c22f11902b2133bc2fd47f7f8079c32a2f9c09021fe961,guidance-or-prompt
"scripts/build-full-release-manifest.mjs",4098,79c085553b7f0b496904a7b21933cba499436516b5c50dc7a56faa2d47ba2d02,reproduction-script
"scripts/build-web-archive-manifest.mjs",10476,93603971dca7b6995c0c726bcd9be4c38b562955814bb723ebc00936ebce85e1,reproduction-script
